{
    "$schema": "https://schema.management.azure.com/schemas/2019-04-01/deploymentTemplate.json#",
    "contentVersion": "1.0.0.0",
    "parameters": {
        "automationaccountname": {
            "type": "String",
            "metadata": {
            "description": "Name of the Automation Account"
            }
        },
        
        "blueresourceTags":{
            "type": "object",
            "metadata": {
            "description": "The collection of resoruce tags passed from paramters file"
            }
        },
        "location": {
            "type": "string",
            "metadata": {
            "description": "Specifies the Azure location where the key vault should be created."
            }
        },
        "uri": {
            "type": "string",
            "metadata": {
                "description": "url of automation runbook script"
            }
        }
    },
    "variables": {
     
    },
    "resources": [
        {
            "type": "Microsoft.Automation/automationAccounts",
            "apiVersion": "2021-06-22",
            "name": "[parameters('automationaccountname')]",
            "tags": "[parameters('blueresourceTags')]",
            "location": "[parameters('location')]",
            "identity": {
                "type": "SystemAssigned"
            },
            "properties": {
                "publicNetworkAccess": true,
                "disableLocalAuth": false,
                "sku": {
                    "name": "Basic"
                },
                "encryption": {
                    "keySource": "Microsoft.Automation",
                    "identity": {}
                }
            }
        },
        {
            "type": "Microsoft.Automation/automationAccounts/connectionTypes",
            "apiVersion": "2022-08-08",
            "tags": "[parameters('blueresourceTags')]",
            "name": "[concat(parameters('automationaccountname'), '/Azureiac')]",
            "dependsOn": [
                "[resourceId('Microsoft.Automation/automationAccounts', parameters('automationaccountname'))]"
            ],
            "properties": {
                "isGlobal": false,
                "fieldDefinitions": {
                    "AutomationCertificateName": {
                        "isEncrypted": false,
                        "isOptional": false,
                        "type": "System.String"
                    },
                    "SubscriptionID": {
                        "isEncrypted": false,
                        "isOptional": false,
                        "type": "System.String"
                    }
                }
            }
        },
        {
            "type": "Microsoft.Automation/automationAccounts/connectionTypes",
            "apiVersion": "2022-08-08",
            "tags": "[parameters('blueresourceTags')]",
            "name": "[concat(parameters('automationaccountname'), '/AzureiacClassicCertificate')]",
            "dependsOn": [
                "[resourceId('Microsoft.Automation/automationAccounts', parameters('automationaccountname'))]"
            ],
            "properties": {
                "isGlobal": false,
                "fieldDefinitions": {
                    "SubscriptionName": {
                        "isEncrypted": false,
                        "isOptional": false,
                        "type": "System.String"
                    },
                    "SubscriptionId": {
                        "isEncrypted": false,
                        "isOptional": false,
                        "type": "System.String"
                    },
                    "CertificateAssetName": {
                        "isEncrypted": false,
                        "isOptional": false,
                        "type": "System.String"
                    }
                }
            }
        },
        {
            "type": "Microsoft.Automation/automationAccounts/connectionTypes",
            "apiVersion": "2022-08-08",
            "tags": "[parameters('blueresourceTags')]",
            "name": "[concat(parameters('automationaccountname'), '/AzureiacServicePrincipal')]",
            "dependsOn": [
                "[resourceId('Microsoft.Automation/automationAccounts', parameters('automationaccountname'))]"
            ],
            "properties": {
                "isGlobal": false,
                "fieldDefinitions": {
                    "ApplicationId": {
                        "isEncrypted": false,
                        "isOptional": false,
                        "type": "System.String"
                    },
                    "TenantId": {
                        "isEncrypted": false,
                        "isOptional": false,
                        "type": "System.String"
                    },
                    "CertificateThumbprint": {
                        "isEncrypted": false,
                        "isOptional": false,
                        "type": "System.String"
                    },
                    "SubscriptionId": {
                        "isEncrypted": false,
                        "isOptional": false,
                        "type": "System.String"
                    }
                }
            }
        },
        
        {
            "type": "Microsoft.Automation/automationAccounts/runbooks",
            "apiVersion": "2022-08-08",
            "name": "[concat(parameters('automationaccountname'), '/AutoScaleIotHubUnit')]",
            "location": "[parameters('location')]",
            "dependsOn": [
                "[resourceId('Microsoft.Automation/automationAccounts', parameters('automationaccountname'))]"
            ],
            "tags": "[parameters('blueresourceTags')]",
            "properties": {
                "runbookType": "PowerShell",
                "logVerbose": false,
                "logProgress": false,
                "logActivityTrace": 0,
                "state": "Published",
                "publishContentLink": {
                    "uri": "[parameters('uri')]"
                }
            }
        },
        {
            "type": "Microsoft.Automation/automationAccounts/runbooks",
            "apiVersion": "2022-08-08",
            "name": "[concat(parameters('automationaccountname'), '/Disconnected_Server')]",
            "location": "[parameters('location')]",
            "dependsOn": [
                "[resourceId('Microsoft.Automation/automationAccounts', parameters('automationaccountname'))]"
            ],
            "properties": {
                "runbookType": "PowerShell",
                "logVerbose": false,
                "logProgress": false,
                "logActivityTrace": 0
            }
        },
        {
            "type": "Microsoft.Automation/automationAccounts/runbooks",
            "apiVersion": "2022-08-08",
            "name": "[concat(parameters('automationaccountname'), '/Remove-OldNLogRunbook')]",
            "location": "[parameters('location')]",
            "dependsOn": [
                "[resourceId('Microsoft.Automation/automationAccounts', parameters('automationaccountname'))]"
            ],
            "properties": {
                "runbookType": "PowerShell",
                "logVerbose": false,
                "logProgress": false,
                "logActivityTrace": 0
            }
        },
        {
            "type": "Microsoft.Automation/automationAccounts/runbooks",
            "apiVersion": "2022-08-08",
            "name": "[concat(parameters('automationaccountname'), '/Remove-OrphanedNLog')]",
            "location": "[parameters('location')]",
            "dependsOn": [
                "[resourceId('Microsoft.Automation/automationAccounts', parameters('automationaccountname'))]"
            ],
            "properties": {
                "runbookType": "PowerShell",
                "logVerbose": false,
                "logProgress": false,
                "logActivityTrace": 0
            }
        },
        {
            "type": "Microsoft.Automation/automationAccounts/runbooks",
            "apiVersion": "2022-08-08",
            "name": "[concat(parameters('automationaccountname'), '/Update-SQLIndexRunbook')]",
            "location": "[parameters('location')]",
            "dependsOn": [
                "[resourceId('Microsoft.Automation/automationAccounts', parameters('automationaccountname'))]"
            ],
            "tags": "[parameters('blueresourceTags')]",
            "properties": {
                "runbookType": "PowerShellWorkflow",
                "logVerbose": false,
                "logProgress": false,
                "logActivityTrace": 0
            }
        }
    ]
}