{
  "$schema": "https://schema.management.azure.com/schemas/2019-04-01/deploymentTemplate.json#",
  "contentVersion": "1.0.0.0",
  "parameters": {
    "storageAccounts_name": {
      "type": "array",
      "metadata": {
        "description": "Name of the data Storage Account"
      }
    },
    "kind": {
      "type": "string",
      "allowedValues": [
        "Storage",
        "StorageV2",
        "BlobStorage",
        "BlockBlobStorage",
        "FileStorage"
      ],
      "metadata": {
        "description": "Storage account kind to be deployed"
      }
    },
    "sku_tier": {
      "type": "string",
      "allowedValues": [
        "Standard",
        "Premium"
      ],
      "metadata": {
        "description": "Performance tier of the storage Account"
      }
    },
    "sku_name": {
      "type": "string",
      
      "allowedValues": [
        "Standard_LRS",
        "Standard_GRS",
        "Standard_ZRS",
        "Premium_LRS",
        "Premium_ZRS",
        "Standard_RAGRS",
        "Standard_RAGZRS"
      ],
      "metadata": {
        "description": "Storage Account type"
      }  
     },
    "accessTier": {
        "type": "string",
        "metadata": {
            "description": "description"
        }
    },
    
    "blueresourceTags":{
      "type": "object",
      "metadata": {
        "description": "The collection of resoruce tags passed from paramters file"
      }
    }, 
      "location": {
        "type": "string"
      }
    
  },
  "variables": {
  
  },
  "resources": [
    {
      "type": "Microsoft.Storage/storageAccounts",
      "name": "[parameters('storageAccounts_name')[copyIndex('storageCopy')]]",
      
      "location": "[parameters('location')]",
      "tags": "[parameters('blueresourceTags')]",
      "apiVersion": "2022-05-01",
      "sku": {
        "name": "[parameters('sku_name')]",
        "tier": "[parameters('sku_tier')]"
      },
      "kind": "[parameters('kind')]",
      
      "properties": {
        "supportsHttpsTrafficOnly": true,
        "isHnsEnabled": false,
        "accessTier": "[parameters('accessTier')]",
        "allowBlobPublicAccess": false,
        "minimumTlsVersion": "TLS1_2",
        "services": {
          "blob": {
            "enabled": "true",
            "keyType": "Account"
          },
          "file": {
            "enabled": "true",
            "keyType": "Account"
          }
        },
        "networkAcls": {
          "bypass": "AzureServices",
          "defaultAction": "Deny"

          
        }  
      },
       "copy": {
        "name": "storageCopy",
        "count": "[length(parameters('storageAccounts_name'))]"
      }
    }
  ]

}