{
    "$schema": "https://schema.management.azure.com/schemas/2019-04-01/deploymentParameters.json#",
    "contentVersion": "1.0.0.0",
    "parameters": {
        "webAppName": {
            "value": "app-uci-ci-eastus-001"
        },
        "appServiceName": {
            "value": "asp-uci-ci-eastus-001"
        },
        "storageAccounts_name": {
            "value": "stgucicidevcus001"
        },
        "sku_name": {
            "value": "Standard_LRS"
        },
        "sku_tier": {
            "value": "Standard"
        },
        "kind": {
            "value": "StorageV2"
        },
        "accessTier": {
            "value": "Hot"
        },
        "vnetName": {
            "value": "vnet-uci-ci-eastus-001"
            },
            
        "vnetAddressPrefix": {
        "value": "10.1.0.0/16"
        },   
        "subnet01Prefix": {
        "value": "10.1.0.0/24"
        },
        "subnet02Prefix": {
        "value": "10.1.2.0/24"
        },
        "subnet01Name": {
        "value": "snet-uci-ci-eastus-001"
        },
        "subnet02Name": {
        "value": "snet-uci-ci-eastus-002"
        },
        "location":{
            "value": "Central US"
        }
    }
}