{
    "$schema": "https://schema.management.azure.com/schemas/2019-04-01/deploymentParameters.json#",
    "contentVersion": "1.0.0.0",
    "parameters": {
        "webAppName": {
            "value": "app-blue-ci-eastus-001"
        },
        "appServiceName": {
            "value": "asp-blue-ci-eastus-001"
        },
        "storageAccounts_name": {
            "value": "stgucireddevcus001"
        },
        "sku_name": {
            "value": "Standard_LRS"
        },
        "sku_tier": {
            "value": "Standard"
        },
        "kind": {
            "value": "StorageV2"
        },
        "accessTier": {
            "value": "Hot"
        },
        "blueredeventrelayvnetName": {
            "value": "bluecieventrelay-vnet"
          },
          "blueredeventNSGName":{
            "value": "blueci-nsg"
          },
          "blueredeventrelayAddressPrefix": {
            "value": "172.20.0.0/16"
          },
         
          
         
          "blueredeventrelaySubnetPrefix": {
            "value": "172.20.1.0/24"
          },
          
          
          "blueredeventrelaySubnetName": {
            "value": "blueevent-Subnet"
          },
          
          "blueredeventrelayresourceTags": {
            "value": {
              "Environment": "ci",
              "Project": "helios"
            }
          },
          "blueredapgresourceTags": {
            "value": {
              "Environment": "ci",
              "Project": "helios"
            }
          },
          "blueredapgvnetName": {
            "value": "blueciapg-vnet"
          },
          "blueredapgvnetAddressPrefix": {
            "value":  "172.20.0.0/16"
          },
          "blueredapgSubnetPrefix": {
            "value": "172.20.1.0/24"
          },
          "blueredapiSubnetPrefix": {
            "value": "172.20.2.0/24"
          },
          "blueredapiSubnetName": {
            "value": "blueciapi-Subnet"
          },
          "blueredapgSubnetName": {
            "value": "blueciapg-Subnet"
          },
          "InternetInboundTcpSourceAddressese": {
            "value": ["4.16.12.45"]
          },
        "location":{
            "value": "East US"
        }
     }
}