{
    "$schema": "https://schema.management.azure.com/schemas/2019-04-01/deploymentParameters.json#",
    "contentVersion": "1.0.0.0",
    "parameters": {
        "webAppName": {
            "value": ["app-blue-redapi-eastus-001", "app-blue-redbkg-eastus-002", "app-blue-rediot-eastus-003"]
        },
        "appServiceName": {
            "value": ["asp-blue-red-eastus-001", "asp-blue-red-eastus-002", "asp-blue-red-eastus-003"]
        },

        "storageAccounts_name": {
            "value": ["stgreddata", "stgreddiagnostics", "stgredops"]
        },
        "sku_name": {
            "value": "Standard_LRS"
        },
        "sku_tier": {
            "value": "Standard"
        },
        "kind": {
            "value": "StorageV2"
        },
        "accessTier": {
            "value": "Hot"
        },
        "blueredeventrelayvnetName": {
            "value": "blueredeventrelay-vnet"
          },
          "blueNsgName":{
            "value": "bluered-nsg"
          },
          "blueredeventrelayAddressPrefix": {
            "value": "172.19.0.0/16"
          },
         
         
          "blueredeventrelaySubnetPrefix": {
            "value": "172.19.1.0/24"
          },
          
          
          "blueredeventrelaySubnetName": {
            "value": "blueevent-Subnet"
          },
          "blueresourceTags": {
            "value": {
              "Environment": "red",
              "Project": "helios"
            }
          },
          "blueredapgvnetName": {
            "value": "blueredapg-vnet"
          },
          "blueredapgvnetAddressPrefix": {
            "value":  "172.19.0.0/16"
          },
          "blueredapgSubnetPrefix": {
            "value": "172.19.1.0/24"
          },
          "blueredapiSubnetPrefix": {
            "value": "172.19.2.0/24"
          },
          "blueredapiSubnetName": {
            "value": "blueredapi-Subnet"
          },
          "blueredapgSubnetName": {
            "value": "blueredapg-Subnet"
          },
          "InternetInboundTcpSourceAddressese": {
            "value": ["4.16.12.45"]
          },
        "location":{
            "value": "East US"
        },
        "automationaccountname": {
          "value": "blueiac-red-automation"
        },
        "CacheName": {
          "value": ["blue-red-redis-001","blue-red-redis-002"]
        },
        "keyVaultName": {
          "value": ["blue-red-keyVault-001","blue-red-keyVault-002"]
        },
        "objectId": {
          "value": ["c42725d7-74df-4c54-86a9-4e17307d929a","fd856836-e942-46c9-af66-7efca8fc6277","6b89be9d-d9ca-4b7e-a366-0ef7cdb6fe5d","23ddbad9-392a-4015-aa76-fd910df9cfd8","886b0e8b-d1f5-40ea-b8c4-123fe51428f6","409ed45d-21e3-4e40-805f-eedec07c4bc1","7dbe9767-0c7e-49d7-b25b-a2ba366cd326","b30e41a2-bb9a-4d15-a3c2-10b85ebac41d","98095c17-13cc-4819-be00-9ec4e7a4fe6c","8d11d8b4-63c1-4e27-84a0-1e8c3d0d6a04","5d05823d-2c8a-4ee9-b4c6-1759c372e0e8","8187aa97-fbf6-48ea-8dca-b0630a72d828","435e5c40-2cea-4a07-b088-11dcb8cb6acf","61526632-887d-4b64-bcd9-31c7535ea281","5db82fa0-03da-4df4-bc2a-a156b01857d5","b07d8bb5-407c-4ae9-9579-3d7fffc6679d","0acf2ce7-6309-45c0-b357-bc2305a0b9b7","33b765dc-2d32-4589-bbca-4737eea381c2","c61e3e0e-b51b-4a0f-9384-eef3afadf606","2e18eda6-9bb7-4f5e-834e-343c07b7700c","b90b3d1f-6786-4b25-8d23-22433e24dfe9","ae3a4f86-1db8-4ad3-baec-6f321de82fbe","3bf3ff02-02d5-4fd4-8077-36880f47a08e","925edfc8-1535-4e6a-a2ba-4b6942da7437","51c75938-a20e-4808-8098-d3e83388b1a4","4161c8aa-b3eb-4aa8-8b39-8e1639827dc9","bdce2998-548d-4f50-9aed-d44b2727ced4","e63653d6-2dd1-48da-b041-3b573e4d41c2","aa862a32-12c4-4739-b6cc-e713f1a8e204","203a0859-9d3a-41d1-b845-fc0b5d1d9edf","590fcaa9-07a0-49bb-96ad-f3eb3ce4cc4c","e6827244-5c47-42d4-94e8-a2163018afe6","a8d4ea16-e901-42d3-942c-605495f7d553","1688c6ca-1d8a-4229-baf3-486ba9cd55be","f40a1aa2-4d54-4e77-9a8c-161d874716e7","44e31ac5-7bbb-40e4-a955-409523103c08","30c47dc6-72c4-4601-b1d7-11e277a48cc0","2cc41aea-15a6-416c-ab4f-d6a5872d83b7","c745e660-17c2-4b92-b7d7-b303532bb9e2","7a74b2b2-29d1-4adc-a4ca-c5748f5dff2b","032251c3-2563-4b98-9a92-2235c691792a","24617a4c-8d07-4136-ad04-7858bac92bd4","1521ed4d-3ff1-4948-b4a7-371b0509a26e","cfcbd200-e168-456d-9267-35e028d0c892","e737f0f3-de84-4d6c-9c09-8da02fb6e58a","b7d1f904-90ba-4549-840a-cb8d92181bf7","13ac5b43-2123-44c4-8984-e6785c1380f4","8d06a09a-1e10-46f0-8bda-ce03e471c6d8","2a261802-ec28-405a-9723-dd7f720c76a0","b06941bc-7ac2-45bf-9e28-fc9aaa75ad7d","ef25819f-b484-4da3-8079-2a40a5ac6659","b5bf8dc2-8003-4958-ae8f-ad2e1094e318","7b637bf9-d330-4e8d-818f-d71f4eb5de91","01bba768-ea57-4709-8ed5-d74afbefd673","b3310dba-fada-4a43-ac64-69e6b9c1d34f","24c39d1a-1a21-4b6e-b015-42bc3e4b746d","b99bd11e-4396-472c-a182-c4516fb55d85","d7584f79-6920-4226-92f8-393144bb30be","f63f2322-1da3-4ef3-8e73-99b42cb70bd2","8af7d344-515f-4fb7-a54c-33a663b9b7b7","4e2daec9-43cf-4a94-b800-62f3cd816f8d","dc8d9f8e-50af-42a2-84bd-606187a0b84d","02901587-8f22-49eb-b47a-18b7ca344fc7","adf7033c-c22a-43c1-92a6-037a7be086c9","10313923-3770-4f0a-b5c0-5130a5c25141","c3de05f9-7f83-41bc-b273-388c4aa19a34","ff85a748-5260-451d-918d-ccdab27f9219","5c483cc1-ca04-4be6-b1ad-12a00718b226","83e21b82-96bf-48cc-829d-68576d98fa5d","41cdf8fc-9371-4c4b-a2c5-9f588951692c","edaefc3e-f36c-46e4-bdbd-83f9745ac387","10677078-d39e-4846-b2f1-7d65f6953110","c0ff3235-3b07-4f73-9570-2785bd9528e6","cd8ed61a-9b35-4f76-855c-0e59e63c6d0f","db7370ae-3848-4b27-9a59-c6b9ceef4027","004ce617-dd58-4ac2-974a-d1c6bb59f49b","3bed6540-d76a-4e2f-866d-25fcc924c38d","e57cd757-94de-4a2e-bb2d-164f2cbc50db","ad99db3c-9702-41ad-ad8b-9bb36d3f8e33","05d154e9-32d8-4789-8887-ed3463cc56db","222e64b8-3cb1-483c-9065-55276327f897","9f077da9-872c-403d-9cde-6e29375da2a6","14d5a5db-9b13-40f4-be81-d87bae44c5b5"]
        },

        "sql": {
          "value": {
            "sqlserver": [ 
              {
                "serverName": "blue-red-sqlserver1",
                "dbname": ["bluered-db1"]
              },
              {
              "serverName": "blue-red-sqlserver2",
                "dbname": ["bluered-db2", "bluered-db3"]
              }
             ]
          }
        },
        "administratorLogin": {
          "value": "DBAdmin"
        },
        "administratorLoginPassword": {
          "value": "DBAmin@123"
        },
        "cosmosdbaccountName": {
          "value": ["acsiac-calipsa-connector-cosmos-red","acsiac-orc-connector-cosmos-red","acsiac-videonotify-connector-cosmos-red", "calipsaiac-connector-cosmos-red"]
        },
        "tableName": {
          "value": "TableDB"
        },
        "vmssName": {
          "value": "blueredrl"
        },
        "instanceCount": {
          "value": 2
        },
        "adminUsername": {
          "value": "scaleSetAdmin"
        },
        "adminPassword": {
          "value": "QazWsx@1927"
        },
        "loadBalancerName": {
          "value": "blue-red-evnt-lb"
        },
        "configStoreName": {
          "value": "blue-red-appConfig"
        },
        "featureFlagKey": {
          "value": "PreventHeliosPrimaryAdminDowngrade"
        },
        "serviceBusNamespaceName": {
          "value": "blue-red-servicebus"
        },
        "serviceBusSku": {
          "value": "Standard"
        },
        "logicAppName": {
          "value": "blue-red-logicapp"
        },
        "apiconnectionname": {
          "value": "azureautomation"
        },
        "projectName": {
          "value": ["blue-red-eventhub-ns-1","blue-red-eventhub-ns-2", "blue-red-eventhub-ns-3"]
        },
        "eventHubName": {
          "value": ["blue-red-eventhub-1","blue-red-eventhub-2", "blue-red-eventhub-3"]
        },
        "eventHubSku": {
          "value": "Standard"
        },
        "workspacesname": {
          "value": "blue-red-law"
        },
        "insightname": {
          "value": "app-blue-redapi-insight"
        },
        "workbookname": {
          "value": "Search-PoC-Workbook-1"
        },
        "applicationGatewayName": {
          "value": "blue-red-apgw"
        },
        "applicationGatewaySize": {
          "value": "WAF_v2"
        },
        "applicationGatewayInstanceCount": {
          "value": 1
        },
        "ApplicationGatewayWafPolicyname": {
          "value": "blue-red-apgwwaf"
        }
     }
}