{
    "$schema": "https://schema.management.azure.com/schemas/2019-04-01/deploymentTemplate.json#",
    "contentVersion": "1.0.0.0",
    "parameters": {
      "virtualNetworkName": {
        "type": "string",
        "metadata": {
          "description": "Virtual Network name"
        }
      },
      "subnetName": {
        "type": "string",
        "metadata": {
          "description": "Subnet Name"
        }
      },
      "applicationGatewayName": {
        "type": "string",
        "metadata": {
          "description": "Application Gateway name"
        }
      },
      "applicationGatewaySize": {
        "type": "string",
        "allowedValues": [
          "WAF_v2",  
          "Standard_Small",
          "Standard_Medium",
          "Standard_Large"
        ],
        "metadata": {
          "description": "Application Gateway size"
        }
      },
      "applicationGatewayInstanceCount": {
        "type": "int",
        "allowedValues": [
          1,
          2,
          3,
          4,
          5,
          6,
          7,
          8,
          9,
          10
        ],
        "metadata": {
          "description": "Application Gateway instance count"
        }
      },
      "frontendPort": {
        "type": "int",
        "defaultValue": 443,
        "metadata": {
          "description": "Application Gateway front end port"
        }
      },
      "location": {
        "type": "string",
        "metadata": {
          "description": "Location for all resources."
        }
      },
      "ApplicationGatewayWafPolicyname": {
        "type": "string",
        "metadata": {
            "description": "WAF name"
        }
      },
      "blueresourceTags": {
        "type": "object",
        "metadata": {
            "description": "Tags"
        }
      }
    },
    "variables": {
      "publicIPAddressName": "ppgwpublicIp",
      "subnetRef": "[resourceId('Microsoft.Network/virtualNetworks/subnets', parameters('virtualNetworkName'), parameters('subnetName'))]"
    },
    "resources": [
      {
      "apiVersion": "2022-07-01",
      "type": "Microsoft.Network/publicIPAddresses",
      "name": "[variables('publicIPAddressName')]",
      "location": "[parameters('location')]",
      "properties": {
        "publicIPAllocationMethod": "Dynamic"
      }
    }, 
      {
        "apiVersion": "2022-07-01",
        "name": "[parameters('applicationGatewayName')]",
        "type": "Microsoft.Network/applicationGateways",
        "location": "[parameters('location')]",
        "tags": "[parameters('blueresourceTags')]",
        "properties": {
          "sku": {
            "name": "[parameters('applicationGatewaySize')]",
            "tier": "WAF_v2",
            "capacity": "[parameters('applicationGatewayInstanceCount')]"
          },
          "gatewayIPConfigurations": [
            {
              "name": "appGatewayIpConfig",
              "properties": {
                "subnet": {
                  "id": "[variables('subnetRef')]"
                }
              }
            }
          ],
          "frontendIPConfigurations": [
          {
            "name": "appGatewayFrontendIP",
            "properties": {
              "PublicIPAddress": {
                "id": "[resourceId('Microsoft.Network/publicIPAddresses',variables('publicIPAddressName'))]"
              }
            }
          }
        ],
        "frontendPorts": [
            {
              "name": "appGatewayFrontendPort",
              "properties": {
                "Port": "[parameters('frontendPort')]"
              }
            }
        ],
        "backendAddressPools": [
            {
                "name": "gatewaybackend",
                "properties": {
                    "backendAddresses": [
                        {
                            "fqdn": "api.red.privatelink.net"
                        }
                    ]
                }
            }
        ],
        "backendHttpSettingsCollection": [
                    {
                        "name": "apimPoolGatewaySetting",
                        
                        "properties": {
                            "port": 443,
                            "protocol": "Https",
                            "cookieBasedAffinity": "Disabled",
                            "hostName": "api.red.acs314159.com",
                            "pickHostNameFromBackendAddress": false,
                            "requestTimeout": 180
                        }
                    }
        ]
        }
      },
          {
            "type": "Microsoft.Network/ApplicationGatewayWebApplicationFirewallPolicies",
            "apiVersion": "2022-07-01",
            "dependsOn": ["[resourceId('Microsoft.Network/applicationGateways', parameters('applicationGatewayName'))]"],
            "name": "[parameters('ApplicationGatewayWafPolicyname')]",
            "location": "[parameters('location')]",
            "tags": "[parameters('blueresourceTags')]",
            "properties": {
                "customRules": [
                    {
                        "name": "AllowsHeaderContent-Length",
                        "priority": 100,
                        "ruleType": "MatchRule",
                        "action": "Allow",
                        "matchConditions": [
                            {
                                "matchVariables": [
                                    {
                                        "variableName": "RequestHeaders",
                                        "selector": "Content-Length"
                                    }
                                ],
                                "operator": "Regex",
                                "negationConditon": false,
                                "matchValues": [
                                    ".*"
                                ]
                            }
                        ]
                    }
                ],
                "policySettings": {
                    "requestBodyCheck": true,
                    "maxRequestBodySizeInKb": 128,
                    "fileUploadLimitInMb": 100,
                    "state": "Enabled",
                    "mode": "Detection"
                },
                "managedRules": {
                    "managedRuleSets": [
                        {
                            "ruleSetType": "OWASP",
                            "ruleSetVersion": "3.0"
                        }
                    ]
                }
            }
        }
    ]
  }