{
  "$schema": "https://schema.management.azure.com/schemas/2019-04-01/deploymentTemplate.json#",
  "contentVersion": "1.0.0.0",
  "parameters": {
    "blueredeventrelayvnetName": {
      "type": "string",

      "metadata": {
        "description": "Name of the Virtual Network"
      }
    },
    "blueredeventrelayAddressPrefix": {
      "type": "string",

      "metadata": {
        "description": "Value of the VNET Address prefix"
      }
    }, 
    "blueredeventrelaySubnetName": {
      "type": "string",

      "metadata": {
        "description": "Name of the Bastion Subnet"
      }
    },
        "blueredeventrelaySubnetPrefix": {
      "type": "string",

      "metadata": {
        "description": "Value of the VNET Address prefix"
      }
    }, 
    
    "blueresourceTags": {
      "type": "object",
      "defaultValue": {
        "Environment": "red",
        "Project": "Helios"
      }
    },

    "blueNsgName": {
      "type": "string",
      "metadata": {
        "description": "Name of the Private NSG"
      }
    },
    "InternetInboundTcpSourceAddressese": {
      "type": "array",
      "metadata": {
        "description": "Name of the bluered NSG"
      }
    },
    "location": {
      "type": "string"
    }
   
    
    
  },
  "variables": {
    "network-security-groups": [
      {
        "name": "[parameters('blueNsgName')]",
        "rules": [
          {
            "name": "ALLOW-Inbound-RDP-Constrained",
            "properties": {
              "access": "Allow",

              "destinationAddressPrefix": "*",
              "destinationPortRange": "3389",
              "direction": "Inbound",
              "priority": 1000,
              "protocol": "TCP",
              "sourceAddressPrefixes": "[parameters('InternetInboundTcpSourceAddressese')]",

              "sourcePortRange": "*"
              
            }
          }
         
         
        ]
      }
    ]
  },
  "resources": [
    {
      "apiVersion": "2021-08-01",
      "type": "Microsoft.Network/networkSecurityGroups",
      "name": "[variables('network-security-groups')[copyIndex()].name]",
      "location": "[parameters('location')]",
      "tags": "[parameters('blueresourceTags')]",
      "copy": {
        "count": "[length(variables('network-security-groups'))]",
        "name": "nsgLoop"
      },
      "dependsOn": [],
      "properties": {
        "copy": [
          {
            "name": "securityRules",
            "count": "[length(variables('network-security-groups')[copyIndex('nsgLoop')].rules)]",
            "input": {
              "name": "[variables('network-security-groups')[copyIndex('nsgLoop')].rules[copyIndex('securityRules')].name]",
              "properties": {
                "access": "[variables('network-security-groups')[copyIndex('nsgLoop')].rules[copyIndex('securityRules')].properties.access]",
                
                "destinationAddressPrefix": "[variables('network-security-groups')[copyIndex('nsgLoop')].rules[copyIndex('securityRules')].properties.destinationAddressPrefix]",
                
                "destinationPortRange": "[variables('network-security-groups')[copyIndex('nsgLoop')].rules[copyIndex('securityRules')].properties.destinationPortRange]",
                "direction": "[variables('network-security-groups')[copyIndex('nsgLoop')].rules[copyIndex('securityRules')].properties.direction]",
                "priority": "[int(variables('network-security-groups')[copyIndex('nsgLoop')].rules[copyIndex('securityRules')].properties.priority)]",
                "protocol": "[variables('network-security-groups')[copyIndex('nsgLoop')].rules[copyIndex('securityRules')].properties.protocol]",
                "sourceAddressPrefixes": "[variables('network-security-groups')[copyIndex()].rules[copyIndex('securityRules')].properties.sourceAddressPrefixes]",
                
                
                "sourcePortRange": "[variables('network-security-groups')[copyIndex('nsgLoop')].rules[copyIndex('securityRules')].properties.sourcePortRange]"
              }
            }
          }
        ]
      },
      "resources": [
      ]
    },
    {
      "apiVersion": "2021-08-01",
      "type": "Microsoft.Network/virtualNetworks",
      "name": "[parameters('blueredeventrelayvnetName')]",
      "location": "[parameters('location')]",
      "tags": "[parameters('blueresourceTags')]",
      "dependsOn": ["[resourceId('Microsoft.Network/networkSecurityGroups', parameters('blueNsgName'))]"],
      "properties": {
        "addressSpace": {
          "addressPrefixes": [
            "[parameters('blueredeventrelayAddressPrefix')]"
          ]
        },
        
        "subnets": [
          {
            "name": "[parameters('blueredeventrelaySubnetName')]",
            "properties": {
              "addressPrefix": "[parameters('blueredeventrelaySubnetPrefix')]",
              "networkSecurityGroup": {
                "id": "[resourceId('Microsoft.Network/networkSecurityGroups', parameters('blueNsgName'))]"
              }
            }
          }
         
          
        ]
      }
    }
    
  ]
}
