{
    "$schema": "https://schema.management.azure.com/schemas/2019-04-01/deploymentTemplate.json#",
    "contentVersion": "1.0.0.0",
    "parameters": {
      "blueredapgvnetName": {
        "type": "string",
  
        "metadata": {
          "description": "Name of the Virtual Network"
        }
      },
      "blueredapgvnetAddressPrefix": {
        "type": "string",
  
        "metadata": {
          "description": "Value of the VNET Address prefix"
        }
      },
     
     
      "blueredapgSubnetPrefix": {
        "type": "string",
  
        "metadata": {
          "description": "Value of the api Subnet Prefix"
        }
      },
      "blueredapiSubnetPrefix": {
        "type": "string",
  
        "metadata": {
          "description": "Value of the appgateway Subnet Prefix"
        }
      },
     
     
      "blueredapiSubnetName": {
        "type": "string",
  
        "metadata": {
          "description": "Name of the api Subnet"
        }
      },
     
      "blueredapgSubnetName": {
        "type": "string",
  
        "metadata": {
          "description": "Name of the appgateway Subnet"
        }
      },
      "blueresourceTags": {
        "type": "object",
        "defaultValue": {
          "Environment": "red",
          "Project": "Helios"
        }
      },
      "location": {
        "type": "string"
      }
      
     
      
      
    },
    "variables": {
     
    },
    "resources": [
      
      {
        "apiVersion": "2021-08-01",
        "type": "Microsoft.Network/virtualNetworks",
        "name": "[parameters('blueredapgvnetName')]",
        "location": "[parameters('location')]",
        "tags": "[parameters('blueresourceTags')]",
        "properties": {
          "addressSpace": {
            "addressPrefixes": [
              "[parameters('blueredapgvnetAddressPrefix')]"
            ]
          },
         
          "subnets": [
           
            {
              "name": "[parameters('blueredapiSubnetName')]",
              "properties": {
                "addressPrefix": "[parameters('blueredapiSubnetPrefix')]"
              
              }
            },
            {
                "name": "[parameters('blueredapgSubnetName')]",
                "properties": {
                  "addressPrefix": "[parameters('blueredapgSubnetPrefix')]"
                
                }
              }
            
          ]
        }
      }
      
    ],
    "outputs": {
    }
  }
  