{
    "$schema": "https://schema.management.azure.com/schemas/2019-04-01/deploymentTemplate.json#",
    "contentVersion": "1.0.0.0",
    "parameters": {
        "insightname": {
            "type": "String"
        },
        "location": {
            "type": "string",
            "metadata": {
                "description": "location"
            }
        },
        "blueresourceTags": {
            "type": "object",
            "metadata": {
                "description": "description"
            }
        }
    },
    "variables": {},
    "resources": [
        {
            "type": "microsoft.insights/components",
            "apiVersion": "2020-02-02",
            "name": "[parameters('insightname')]",
            "location": "[parameters('location')]",
            "tags": "[parameters('blueresourceTags')]",
            "kind": "web",
            "properties": {
                "Application_Type": "web",
                "Flow_Type": "Bluefield",
                "RetentionInDays": 90,
                "publicNetworkAccessForIngestion": "Enabled",
                "publicNetworkAccessForQuery": "Enabled"
            }
        }
    ]
}        