{
  "$schema": "https://schema.management.azure.com/schemas/2019-04-01/deploymentTemplate.json#",
  "contentVersion": "1.0.0.0",
  "parameters": {
    "_artifactsLocation": {
      "type": "string",
      "metadata": {
        "description": "The base URI where artifacts required by this template are located"
      }
    },
    "_artifactsLocationSasToken": {
      "type": "securestring",
      "defaultValue": "",
      "metadata": {
        "description": "The sasToken required to access _artifactsLocation.  When the template is deployed using the accompanying scripts, a sasToken will be automatically generated"
      }
    },

    "webAppName": {
      "type": "array"
    },
    "appServiceName": {
      "type": "array"
    },

    "storageAccounts_name": {
      "type": "array"
    },
    "sku_name": {
      "type": "String"
    },
    "sku_tier": {
      "type": "String"
    },
    "kind": {
      "type": "String"
    },
    "accessTier": {
      "type": "String"
    },
    "blueNsgName": {
      "type": "string",
      "metadata": {
        "description": "NSG name"
      }
    },
    "blueresourceTags": {
      "type": "object",
      "metadata": {
        "description": "Tags"
      }
    },
    "InternetInboundTcpSourceAddressese": {
      "type": "array",
      "metadata": {
        "description": " Inbound rule"
      }
    },
    "blueredeventrelayvnetName": {
      "type": "string"
    },
    "blueredapgvnetAddressPrefix": {
      "type": "string"
    },
    "blueredapgvnetName": {
      "type": "string"
    },
    "blueredeventrelayAddressPrefix": {
      "type": "string"
    },
    "blueredapgSubnetPrefix": {
      "type": "string"
    },
    "blueredapiSubnetName": {
      "type": "string"
    },
    "blueredapgSubnetName": {
      "type": "string"
    },
    "blueredapiSubnetPrefix": {
      "type": "string"
    },
    "blueredeventrelaySubnetPrefix": {
      "type": "string"
    },
    "blueredeventrelaySubnetName": {
      "type": "string"
    },
    "location": {
      "type": "string"

    },
    "CacheName": {
      "type": "array",
      "metadata": {
        "description": "Specify the name of the Azure Redis Cache to create."
      }
    },
    "keyVaultName": {
      "type": "array",
      "metadata": {
        "description": "description"
      }
    },
    "objectId": {
      "type": "array",
      "metadata": {
        "description": "description"
      }
    },
    "sql": {
      "type": "object",
      "metadata": {
        "description": "description"
      }
    },
    "administratorLogin": {
      "type": "string",
      "metadata": {
        "description": "description"
      }
    },
    "administratorLoginPassword": {
      "type": "securestring",
      "metadata": {
        "description": "description"
      }
    },
    "cosmosdbaccountName": {
      "type": "array",
      "metadata": {
        "description": "description"
      }
    },
    "tableName": {
      "type": "string",
      "metadata": {
        "description": "description"
      }
    },
    "vmssName": {
      "type": "string",
      "metadata": {
        "description": "VMSS name"
      }
    },
    "instanceCount": {
      "type": "int",
      "metadata": {
        "description": "description"
      }
    },
    "adminUsername": {
      "type": "string",
      "metadata": {
        "description": "vmss adminusername"
      }
    },
    "adminPassword": {
      "type": "securestring",
      "metadata": {
        "description": "vmss admin password"
      }
    },
    "loadBalancerName": {
      "type": "string",
      "metadata": {
        "description": "description"
      }
    },
    "configStoreName": {
      "type": "string",
      "metadata": {
        "description": "App Config name"
      }
    },
    "featureFlagKey": {
      "type": "string",
      "metadata": {
        "description": "feature flag key"
      }
    },
    "serviceBusNamespaceName": {
      "type": "string",
      "metadata": {
        "description": "Service Bus name"
      }
    },
    "serviceBusSku": {
      "type": "string",
      "metadata": {
        "description": "sku"
      }
          },
          "logicAppName": {
            "type": "string",
            "metadata": {
              "description": "Logic App Name"
            }
          },
          "apiconnectionname": {
            "type": "string",
            "metadata": {
              "description": "APi Connections Name"
            }
    },
    "projectName": {
      "type": "array",
      "metadata": {
        "description": "Event Hub Namespace"
      }
    },
    "eventHubName": {
      "type": "array",
      "metadata": {
        "description": "Event hub name"
      }
    },
    "eventHubSku": {
      "type": "string",
      "metadata": {
        "description": "Event Hub namespace SKU"
      }
    },
    "workspacesname": {
      "type": "string",
      "metadata": {
        "description": "LAW name"
      }
    },
    "automationaccountname": {
      "type": "string"
          },
    "insightname": {
      "type": "string",
      "metadata": {
        "description": "App Insight Name"
            }
    },
    "workbookname": {
      "type": "string",
      "metadata": {
        "description": "Workbook name"
      }
    },
    "applicationGatewayName": {
      "type": "string",
      "metadata": {
        "description": "App gateway name"
      }
    },
    "applicationGatewaySize": {
      "type": "string",
      "metadata": {
        "description": "App gateway size"
      }
    },
    "applicationGatewayInstanceCount": {
      "type": "int",
      "metadata": {
        "description": "app gateway count"
      }
    },
    "ApplicationGatewayWafPolicyname": {
      "type": "string",
      "metadata": {
        "description": "WAF name"
      }
    }
  },
  "functions": [],
  "variables": {
    "linkedTemplates": {
      "storageAccount": "[concat(parameters('_artifactsLocation'), 'Templates/StorageAccount/StorageAccount.json', parameters('_artifactsLocationSasToken'))]",
      "blueredeventrelayvNet": "[concat(parameters('_artifactsLocation'), 'Templates/VirtualNetwork/blueredeventrelayVNET.json', parameters('_artifactsLocationSasToken'))]",
      "blueredapgvNet": "[concat(parameters('_artifactsLocation'), 'Templates/VirtualNetwork/blueredappgatewayvnetwonsg.json', parameters('_artifactsLocationSasToken'))]",
      "webApp": "[concat(parameters('_artifactsLocation'), 'Templates/webapp/WebApp.json', parameters('_artifactsLocationSasToken'))]",
      "redis": "[concat(parameters('_artifactsLocation'), 'Templates/redis/redis.json', parameters('_artifactsLocationSasToken'))]",
      "keyVault": "[concat(parameters('_artifactsLocation'), 'Templates/KeyVault/KeyVault.json', parameters('_artifactsLocationSasToken'))]",
      "sql": "[concat(parameters('_artifactsLocation'), 'Templates/SqlDatabase/SqlDatabase.json', parameters('_artifactsLocationSasToken'))]",
      "cosmosdb": "[concat(parameters('_artifactsLocation'), 'Templates/Cosmosdb/Cosmosdb.json', parameters('_artifactsLocationSasToken'))]",
      "vmss": "[concat(parameters('_artifactsLocation'), 'Templates/vmss/vmss.json', parameters('_artifactsLocationSasToken'))]",
      "appconfig": "[concat(parameters('_artifactsLocation'), 'Templates/AppConfig/AppConfig.json', parameters('_artifactsLocationSasToken'))]",
      "servicebus": "[concat(parameters('_artifactsLocation'), 'Templates/ServiceBus/ServiceBus.json', parameters('_artifactsLocationSasToken'))]",
              "logicapp": "[concat(parameters('_artifactsLocation'), 'Templates/LogicApp/LogicApp.json', parameters('_artifactsLocationSasToken'))]",
      "eventhub": "[concat(parameters('_artifactsLocation'), 'Templates/EventHub/EventHub.json', parameters('_artifactsLocationSasToken'))]",
      "law": "[concat(parameters('_artifactsLocation'), 'Templates/LAW/Law.json', parameters('_artifactsLocationSasToken'))]",
      "appinsight": "[concat(parameters('_artifactsLocation'), 'Templates/AppInsight/AppInsight.json', parameters('_artifactsLocationSasToken'))]",
      "automationaccount": "[concat(parameters('_artifactsLocation'), 'Templates/AutomationAccount/AutomationAccount.json', parameters('_artifactsLocationSasToken'))]",
      "autoscale": "[concat(parameters('_artifactsLocation'), 'Scripts/AutoScaleIotHubUnit.ps1', parameters('_artifactsLocationSasToken'))]",
      "workbook": "[concat(parameters('_artifactsLocation'), 'Templates/Workbook/Workbook.json', parameters('_artifactsLocationSasToken'))]",
      "appgateway": "[concat(parameters('_artifactsLocation'), 'Templates/AppGateway/AppGateway.json', parameters('_artifactsLocationSasToken'))]"
    }
  },
  "resources": [
    {
      "type": "Microsoft.Resources/deployments",
      "apiVersion": "2021-04-01",
      "name": "storageaccount",
      "properties": {
        "mode": "Incremental",
        "templateLink": {
          "uri": "[variables('linkedTemplates').storageAccount]"

        },
        "parameters": {
          "storageAccounts_name": {
            "value": "[parameters('storageAccounts_name')]"
          },
          "sku_name": {
            "value": "[parameters('sku_name')]"
          },
          "sku_tier": {
            "value": "[parameters('sku_tier')]"
          },
          "kind": {
            "value": "[parameters('kind')]"
          },
          "accessTier": {
            "value": "[parameters('accessTier')]"
          },
          "location": {
            "value": "[parameters('location')]"
          },
          "blueresourceTags": {
            "value": "[parameters('blueresourceTags')]"
          }
        }
      }
    },

    {
      "type": "Microsoft.Resources/deployments",
      "apiVersion": "2021-04-01",
      "name": "blueredapgvNet",
      "properties": {
        "mode": "Incremental",
        "templateLink": {
          "uri": "[variables('linkedTemplates').blueredapgvNet]"
        },
        "parameters": {
          "blueredapgvnetName": {
            "value": "[parameters('blueredapgvnetName')]"
          },
          "blueredapgvnetAddressPrefix": {
            "value": "[parameters('blueredapgvnetAddressPrefix')]"
          },
          "blueredapgSubnetPrefix": {
            "value": "[parameters('blueredapgSubnetPrefix')]"
          },
          "blueredapiSubnetPrefix": {
            "value": "[parameters('blueredapiSubnetPrefix')]"
          },
          "blueredapiSubnetName": {
            "value": "[parameters('blueredapiSubnetName')]"
          },
          "blueredapgSubnetName": {
            "value": "[parameters('blueredapgSubnetName')]"
          },
          "blueresourceTags": {
            "value": "[parameters('blueresourceTags')]"
          },
          "location": {
            "value": "[parameters('location')]"
          }
        }
      }
    },
    {
      "type": "Microsoft.Resources/deployments",
      "apiVersion": "2021-04-01",
      "name": "blueredeventrelayvNet",
      "properties": {
        "mode": "Incremental",
        "templateLink": {
          "uri": "[variables('linkedTemplates').blueredeventrelayvNet]"
        },
        "parameters": {
          "blueredeventrelayvnetName": {
            "value": "[parameters('blueredeventrelayvnetName')]"
          },
          "blueredeventrelayAddressPrefix": {
            "value": "[parameters('blueredeventrelayAddressPrefix')]"
          },
          "blueredeventrelaySubnetPrefix": {
            "value": "[parameters('blueredeventrelaySubnetPrefix')]"
          },
          "blueredeventrelaySubnetName": {
            "value": "[parameters('blueredeventrelaySubnetName')]"
          },
          "blueNsgName": {
            "value": "[parameters('blueNsgName')]"
          },
          "blueresourceTags": {
            "value": "[parameters('blueresourceTags')]"
          },
          "InternetInboundTcpSourceAddressese": {
            "value": "[parameters('InternetInboundTcpSourceAddressese')]"
          },
          "location": {
            "value": "[parameters('location')]"
          }
        }
      }
    },
    {
        "type": "Microsoft.Resources/deployments",
        "apiVersion": "2021-04-01",
        "name": "automationaccount",
        "properties": {
          "mode": "Incremental",
          "templateLink": {
            "uri": "[variables('linkedTemplates').automationAccount]"
  
          },
          "parameters":{
          "automationaccountname": {
              "value": "[parameters('automationaccountname')]"
          },
          "location": {
              "value": "[parameters('location')]"
          },
          "uri": {
              "value": "[variables('linkedTemplates').autoscale]"
            },
          "blueresourceTags": {
          "value": "[parameters('blueresourceTags')]"
        }
          }
        }
      },
    {
      "type": "Microsoft.Resources/deployments",
      "apiVersion": "2021-04-01",
      "name": "WebApp",
      "properties": {
        "mode": "Incremental",
        "templateLink": {
          "uri": "[variables('linkedTemplates').webApp]"
        },
        "parameters": {
          "webAppName": {
            "value": "[parameters('WebAppName')]"
          },
          "appServiceName": {
            "value": "[parameters('appServiceName')]"
          },

          "location": {
            "value": "[parameters('location')]"
          },
          "blueresourceTags": {
            "value": "[parameters('blueresourceTags')]"
          }
        }
      }
    },
    {
      "type": "Microsoft.Resources/deployments",
      "apiVersion": "2021-04-01",
      "name": "redis",
      "properties": {
        "mode": "Incremental",
        "templateLink": {
          "uri": "[variables('linkedTemplates').redis]"
        },
        "parameters": {
          "CacheName": {
            "value": "[parameters('CacheName')]"
          },
          "location": {
            "value": "[parameters('location')]"
          },
          "blueresourceTags": {
            "value": "[parameters('blueresourceTags')]"
          }
        }
      }
    },
    {
      "type": "Microsoft.Resources/deployments",
      "apiVersion": "2021-04-01",
      "name": "keyvault",
      "properties": {
        "mode": "Incremental",
        "templateLink": {
          "uri": "[variables('linkedTemplates').keyVault]"
        },
        "parameters": {
          "keyVaultName": {
            "value": "[parameters('keyVaultName')]"
          },
          "location": {
            "value": "[parameters('location')]"
          },
          "objectId": {
            "value": "[parameters('objectId')]"
          },
          "blueresourceTags": {
            "value": "[parameters('blueresourceTags')]"
          }
        }
      }
    },

    {
      "type": "Microsoft.Resources/deployments",
      "apiVersion": "2021-04-01",
      "name": "[concat('sqldatabase', copyIndex('copyserver'))]",
      "properties": {
        "mode": "Incremental",
        "templateLink": {
          "uri": "[variables('linkedTemplates').sql]"
        },
        "parameters": {
          "sqlservername": {
            "value": "[parameters('sql').sqlserver[copyIndex('copyserver')].serverName]"
          },
          "sqldatabase": {
            "value": "[parameters('sql').sqlserver[copyIndex('copyserver')].dbname]"
          },
          "administratorLogin": {
            "value": "[parameters('administratorLogin')]"
          },
          "administratorLoginPassword": {
            "value": "[parameters('administratorLoginPassword')]"
          },
          "location": {
            "value": "[parameters('location')]"
          },
          "blueresourceTags": {
            "value": "[parameters('blueresourceTags')]"
          }
        }
      },
      "copy": {
        "name": "copyserver",
        "count": "[length(parameters('sql').sqlserver)]"

      }
    },

    {
      "type": "Microsoft.Resources/deployments",
      "apiVersion": "2021-04-01",
      "name": "cosmosdb",
      "properties": {
        "mode": "Incremental",
        "templateLink": {
          "uri": "[variables('linkedTemplates').cosmosdb]"
        },
        "parameters": {
          "accountName": {
            "value": "[parameters('cosmosdbaccountName')]"
          },
          "tableName": {
            "value": "[parameters('tableName')]"
          },
          "location": {
            "value": "[parameters('location')]"
          },
          "blueresourceTags": {
            "value": "[parameters('blueresourceTags')]"
          }
        }
      }
    },
    {
      "type": "Microsoft.Resources/deployments",
      "apiVersion": "2021-04-01",
      "name": "vmss",
      "dependsOn": [ "[resourceId('Microsoft.Resources/deployments', 'blueredeventrelayvNet')]" ],
      "properties": {
        "mode": "Incremental",
        "templateLink": {
          "uri": "[variables('linkedTemplates').vmss]"
        },
        "parameters": {
          "vmssName": {
            "value": "[parameters('vmssName')]"
          },
          "instanceCount": {
            "value": "[parameters('instanceCount')]"
          },
          "existingVnetName": {
            "value": "[parameters('blueredeventrelayvnetName')]"
          },
          "existingSubnetName": {
            "value": "[parameters('blueredeventrelaySubnetName')]"
          },
          "adminUsername": {
            "value": "[parameters('adminUsername')]"
          },
          "adminPassword": {
            "value": "[parameters('adminPassword')]"
          },
          "location": {
            "value": "[parameters('location')]"
          },
          "loadBalancerName": {
            "value": "[parameters('loadBalancerName')]"
          },
          "blueresourceTags": {
            "value": "[parameters('blueresourceTags')]"
          }
        }
      }
    },
    {
      "type": "Microsoft.Resources/deployments",
      "apiVersion": "2021-04-01",
      "name": "appconfig",
      "properties": {
        "mode": "Incremental",
        "templateLink": {
          "uri": "[variables('linkedTemplates').appconfig]"
        },
        "parameters": {
          "configStoreName": {
            "value": "[parameters('configStoreName')]"
          },
          "location": {
            "value": "[parameters('location')]"
          },
          "featureFlagKey": {
            "value": "[parameters('featureFlagKey')]"
          },
          "blueresourceTags": {
            "value": "[parameters('blueresourceTags')]"
          }
        }
      }
    },
    {
      "type": "Microsoft.Resources/deployments",
      "apiVersion": "2021-04-01",
      "name": "servicebus",
      "properties": {
        "mode": "Incremental",
        "templateLink": {
          "uri": "[variables('linkedTemplates').servicebus]"
        },
        "parameters": {
          "serviceBusNamespaceName": {
            "value": "[parameters('serviceBusNamespaceName')]"
          },
          "serviceBusSku": {
            "value": "[parameters('serviceBusSku')]"
          },
          "location": {
            "value": "[parameters('location')]"
          },
          "blueresourceTags": {
            "value": "[parameters('blueresourceTags')]"
          }
        }
      }
    },
    {
      "type": "Microsoft.Resources/deployments",
      "apiVersion": "2021-04-01",
      "name": "EventHub",
      "properties": {
        "mode": "Incremental",
        "templateLink": {
          "uri": "[variables('linkedTemplates').eventhub]"
        },
        "parameters": {
          "projectName": {
            "value": "[parameters('projectName')]"
          },
          "eventHubSku": {
            "value": "[parameters('eventHubSku')]"
          },
          "eventHubName": {
            "value": "[parameters('eventHubName')]"
          },
          "location": {
            "value": "[parameters('location')]"
          },
          "blueresourceTags": {
            "value": "[parameters('blueresourceTags')]"
          }
        }
      }
    },
    {
      "type": "Microsoft.Resources/deployments",
      "apiVersion": "2021-04-01",
      "name": "LAW",
      "properties": {
        "mode": "Incremental",
        "templateLink": {
          "uri": "[variables('linkedTemplates').law]"
        },
        "parameters": {
          "workspacesname": {
            "value": "[parameters('workspacesname')]"
          },
          "location": {
            "value": "[parameters('location')]"
          },
          "blueresourceTags": {
            "value": "[parameters('blueresourceTags')]"
          }
        }
      }
      },
      {
      "type": "Microsoft.Resources/deployments",
        "apiVersion": "2021-04-01",
        "name": "App-Insight",
        "properties": {
          "mode": "Incremental",
          "templateLink": {
            "uri": "[variables('linkedTemplates').appinsight]"
          },
          "parameters": {
            "insightname": {
              "value": "[parameters('insightname')]"
            },
            "location": {
              "value": "[parameters('location')]"
            },
            "blueresourceTags":{
              "value": "[parameters('blueresourceTags')]"
           }
          }
        }
      },
      {
        "type": "Microsoft.Resources/deployments",
        "apiVersion": "2021-04-01",
        "name": "logicApp",
        "properties": {
          "mode": "Incremental",
          "templateLink": {
            "uri": "[variables('linkedTemplates').logicapp]"
          },
          "parameters": {
            "logicAppName": {
              "value": "[parameters('logicAppName')]"
            },
            "apiconnectionname": {
              "value": "[parameters('apiconnectionname')]"
            },
            "location": {
              "value": "[parameters('location')]"
            },
            "blueresourceTags":{
              "value": "[parameters('blueresourceTags')]"
           }
          }
        }
    },
    {
        "type": "Microsoft.Resources/deployments",
        "apiVersion": "2021-04-01",
        "name": "Workbook",
        "properties": {
          "mode": "Incremental",
          "templateLink": {
            "uri": "[variables('linkedTemplates').workbook]"
          },
          "parameters": {
            "workbookname": {
              "value": "[parameters('workbookname')]"
            },
            "location": {
              "value": "[parameters('location')]"
            },
            "blueresourceTags":{
              "value": "[parameters('blueresourceTags')]"
           }
          }
        }
    },
    {
        "type": "Microsoft.Resources/deployments",
        "apiVersion": "2021-04-01",
        "dependsOn": ["[resourceId('Microsoft.Resources/deployments', 'blueredapgvNet')]"],
        "name": "AppGateway",
        "properties": {
          "mode": "Incremental",
          "templateLink": {
            "uri": "[variables('linkedTemplates').appgateway]"
          },
          "parameters": {
            "applicationGatewayName": {
              "value": "[parameters('applicationGatewayName')]"
            },
            "applicationGatewaySize": {
              "value": "[parameters('applicationGatewaySize')]"
            },
            "applicationGatewayInstanceCount": {
              "value": "[parameters('applicationGatewayInstanceCount')]"
            },
            "virtualNetworkName": {
              "value": "[parameters('blueredapgvnetName')]"
            },
            "subnetName": {
              "value": "[parameters('blueredapgSubnetName')]"
            },
            "ApplicationGatewayWafPolicyname": {
              "value": "[parameters('ApplicationGatewayWafPolicyname')]"
            },
            "location": {
              "value": "[parameters('location')]"
            },
            "blueresourceTags":{
              "value": "[parameters('blueresourceTags')]"
           }
          }
        }
    }

  ],
  "outputs": {}
}
