{
    "$schema": "https://schema.management.azure.com/schemas/2019-04-01/deploymentTemplate.json#",
    "contentVersion": "1.0.0.0",

    "parameters": {
      "logicAppName": {
        "type": "string",
        "metadata": {
          "description": "The name of the logic app to create."
        }
      },
      "apiconnectionname": {
        "type": "string",
        "metadata": {
            "description": "Api connection name"
        }
      },
      "location": {
        "type": "string",
        "metadata": {
          "description": "Location for all resources."
        }
      },
      "blueresourceTags": {
        "type": "object",
        "metadata": {
            "description": "description"
        }
      }
    },
    "variables": {
        "iconuri": "https://connectoricons-prod.azureedge.net/releases/v1.0.1624/1.0.1624.3221/azureautomation/icon.png",
      "workflowSchema": "https://schema.management.azure.com/providers/Microsoft.Logic/schemas/2016-06-01/workflowdefinition.json#"
    },
    "resources": [
          {
            "type": "Microsoft.Web/connections",
            "apiVersion": "2016-06-01",
            "name": "[parameters('apiconnectionname')]",
            "location": "[parameters('location')]",
            "kind": "V1",
            "properties": {
                "displayName": "[parameters('apiconnectionname')]",
                "statuses": [
                    {
                        "status": "Error",
                        "target": "token"
                    }
                ],
                "api": {
                    "name": "[parameters('apiconnectionname')]",
                    "displayName": "Azure Automation",
                    "description": "Azure Automation provides tools to manage your cloud and on-premises infrastructure seamlessly.",
                    "iconUri": "[variables('iconuri')]",
                    "brandColor": "#56A0D7",
                    "id": "[subscriptionResourceId('Microsoft.Web/locations/managedApis', parameters('location'), parameters('apiconnectionname'))]",
                    "type": "Microsoft.Web/locations/managedApis"
                }
            }
          },
      
      {
        "type": "Microsoft.Logic/workflows",
        "apiVersion": "2017-07-01",
        "dependsOn": ["[resourceId('Microsoft.Web/connections', parameters('apiconnectionname'))]"],
        "name": "[parameters('logicAppName')]",
        "location": "[parameters('location')]",
        "tags": "[parameters('blueresourceTags')]",
        "properties": {
          "definition": {
            "$schema": "[variables('workflowSchema')]",
            "contentVersion": "1.0.0.0",
            "parameters": {
                "$connections": {
                    "defaultValue": {},
                    "type": "Object"
                }
            },
            "triggers": {
                        "Recurrence": {
                            "recurrence": {
                                "frequency": "Minute",
                                "interval": 15,
                                "timeZone": "Eastern Standard Time"
                            },
                            "evaluatedRecurrence": {
                                "frequency": "Minute",
                                "interval": 15,
                                "timeZone": "Eastern Standard Time"
                            },
                            "type": "Recurrence"
                        }
                    },
                    "actions": {
                        "Create_job": {
                            "runAfter": {},
                            "type": "ApiConnection",
                            "inputs": {
                                "body": {
                                    "properties": {
                                        "parameters": {
                                            "subscription": "[subscription().DisplayName]"
                                        }
                                    }
                                },
                                "host": {
                                    "connection": {
                                        "name": "@parameters('$connections')['azureautomation']['connectionId']"
                                    }
                                },
                                "method": "put",
                                "path": "/subscriptions/@{encodeURIComponent('[subscription().subscriptionId]')}/resourceGroups/@{encodeURIComponent('[resourceGroups().name]')}/providers/Microsoft.Automation/automationAccounts/@{encodeURIComponent('azureautomation')}/jobs",
                                "queries": {
                                    "runbookName": "AutoScaleIotHubUnit",
                                    "wait": false,
                                    "x-ms-api-version": "2015-10-31"
                                }
                            }
                        }
                    }
          },
          "parameters": {
            "$connections": {
                "value": {
                "azureautomation": {
                    "id": "[subscriptionResourceId('Microsoft.Web/locations/managedApis', parameters('location'), parameters('apiconnectionname'))]",
                    "connectionId": "[resourceId('Microsoft.Web/connections', parameters('apiconnectionname'))]"
                }
                }
            }
        }
        }
      }
    ]
  }