{
    "$schema": "https://schema.management.azure.com/schemas/2019-04-01/deploymentTemplate.json#",
    "contentVersion": "1.0.0.0",
    "parameters": {
      "serviceBusNamespaceName": {
        "type": "string",
        "metadata": {
          "description": "Name of the Service Bus namespace"
        }
      },
      "serviceBusSku": {
        "type": "string",
        "allowedValues": [
          "Basic",
          "Standard",
          "Premium"
        ],
        "defaultValue": "Standard",
        "metadata": {
          "description": "The messaging tier for service Bus namespace"
        }
      },
      "location": {
        "type": "string",
        "metadata": {
          "description": "Location for all resources."
        }
      },
      "blueresourceTags": {
        "type": "object",
        "metadata": {
          "description": "description"
        }
      }

    },
    "resources": [
      {
        "apiVersion": "2021-11-01",
        "name": "[parameters('serviceBusNamespaceName')]",
        "type": "Microsoft.ServiceBus/namespaces",
        "location": "[parameters('location')]",
        "tags": "[parameters('blueresourceTags')]",
        "sku": {
          "name": "[parameters('serviceBusSku')]"
        },
        "properties": {
          "zoneRedundant": false
        }
      }
    ]
  }