{
    "$schema": "https://schema.management.azure.com/schemas/2019-04-01/deploymentTemplate.json#",
    "contentVersion": "1.0.0.0",
    "parameters": {
      "accountName": {
        "type": "array",
        "metadata": {
          "description": "Cosmos DB account name"
        }
      },
      "location": {
        "type": "string",
        "metadata": {
          "description": "Location for the Cosmos DB account."
        }
      },
      "primaryRegion": {
        "type": "string",
        "defaultValue": "East US",
        "metadata": {
          "description": "The primary region for the Cosmos DB account."
        }
      },
      "secondaryRegion": {
        "type": "string",
        "defaultValue": "East US2",
        "metadata": {
          "description": "The secondary region for the Cosmos DB account."
        }
      },
      "defaultConsistencyLevel": {
        "type": "string",
        "defaultValue": "Session",
        "allowedValues": [
          "Eventual",
          "ConsistentPrefix",
          "Session",
          "BoundedStaleness",
          "Strong"
        ],
        "metadata": {
          "description": "The default consistency level of the Cosmos DB account."
        }
      },
      "maxStalenessPrefix": {
        "type": "int",
        "defaultValue": 100,
        "maxValue": 2147483647,
        "minValue": 10,
        "metadata": {
          "description": "Max stale requests. Required for BoundedStaleness. Valid ranges, Single Region: 10 to 2147483647. Multi Region: 100000 to 2147483647."
        }
      },
      "maxIntervalInSeconds": {
        "type": "int",
        "defaultValue": 5,
        "maxValue": 86400,
        "minValue": 5,
        "metadata": {
          "description": "Max lag time (seconds). Required for BoundedStaleness. Valid ranges, Single Region: 5 to 84600. Multi Region: 300 to 86400."
        }
      },
      "systemManagedFailover": {
        "type": "bool",
        "defaultValue": false,
        "metadata": {
          "description": "Enable system managed failover for regions"
        }
      },
      "tableName": {
        "type": "string",
        "metadata": {
          "description": "The name for the table"
        }
      },
      "throughput": {
        "type": "int",
        "defaultValue": 400,
        "metadata": {
          "description": "The throughput for the table"
        },
        "maxValue": 1000000,
        "minValue": 400
      },
      "blueresourceTags": {
        "type": "object",
        "metadata": {
            "description": "description"
        }
      }
    },
    "variables": {
      "consistencyPolicy": {
        "Eventual": {
          "defaultConsistencyLevel": "Eventual"
        },
        "ConsistentPrefix": {
          "defaultConsistencyLevel": "ConsistentPrefix"
        },
        "Session": {
          "defaultConsistencyLevel": "Session"
        },
        "BoundedStaleness": {
          "defaultConsistencyLevel": "BoundedStaleness",
          "maxStalenessPrefix": "[parameters('maxStalenessPrefix')]",
          "maxIntervalInSeconds": "[parameters('maxIntervalInSeconds')]"
        },
        "Strong": {
          "defaultConsistencyLevel": "Strong"
        }
      },
      "locations": [
        {
          "locationName": "[parameters('primaryRegion')]",
          "failoverPriority": 0,
          "isZoneRedundant": false
        },
        {
          "locationName": "[parameters('secondaryRegion')]",
          "failoverPriority": 1,
          "isZoneRedundant": false
        }
      ]
    },
    "resources": [
      {
        "type": "Microsoft.DocumentDB/databaseAccounts",
        "apiVersion": "2022-05-15",
        "name": "[toLower(parameters('accountName')[copyIndex('copyacc')])]",
        "location": "[parameters('location')]",
        "kind": "GlobalDocumentDB",
        "tags": "[parameters('blueresourceTags')]",
        "properties": {
          "capabilities": [
            {
              "name": "EnableTable"
            }
          ],
          "consistencyPolicy": "[variables('consistencyPolicy')[parameters('defaultConsistencyLevel')]]",
          "locations": "[variables('locations')]",
          "databaseAccountOfferType": "Standard",
          "enableAutomaticFailover": "[parameters('systemManagedFailover')]"
        },
        "copy": {
            "name": "copyacc",
            "count": "[length(parameters('accountName'))]"
        }
      },
      {
        "type": "Microsoft.DocumentDB/databaseAccounts/tables",
        "apiVersion": "2022-05-15",
        "name": "[format('{0}/{1}', toLower(parameters('accountName')[copyIndex('copytable')]), parameters('tableName'))]",
        "tags": "[parameters('blueresourceTags')]",
        "properties": {
          "resource": {
            "id": "[parameters('tableName')]"
          },
          "options": {
            "throughput": "[parameters('throughput')]"
          }
        },
        "dependsOn": ["copyacc" ],
       "copy": {
        "name": "copytable",
        "count": "[length(parameters('accountName'))]"
       }
      }
      
    ]
  }