{
    "$schema": "https://schema.management.azure.com/schemas/2019-04-01/deploymentTemplate.json#",
    "contentVersion": "1.0.0.0",
  "parameters": {
        "workbookname": {
            "type": "string",
            "metadata": {
                "description": "Workbook Name"
            }
        },
        "location": {
            "type": "string",
            "metadata": {
                "description": "location"
            }
        },
        "blueresourceTags": {
            "type": "object",
            "metadata": {
                "description": "Tags"
            }
        }
},


"resources": [
{
  "type": "microsoft.insights/workbooktemplates",
  "apiVersion": "2020-11-20",
  "name": "[parameters('workbookname')]",
  "location": "[parameters('location')]",
  "tags": "[parameters('blueresourceTags')]",
  "kind": "shared",
  "properties": {
    "galleries": [
      {
        "category": "workbook",
        "name": "Search PoC Workbook 1",
        "order": 1,
        "resourceType": "azure monitor",
        "type": "Notebook/1.0"
      }
    ],
    "priority": 1,
    "templateData": {
        
  "type": 9,
  "content": {
    "version": "KqlParameterItem/1.0",
    "parameters": [
      {
        "version": "KqlParameterItem/1.0",
        "name": "TimeRange",
        "label": "Time range",
        "type": 4,
        "isRequired": true,
        "value": {
          "durationMs": 86400000
        },
        "typeSettings": {
          "selectableValues": [
            {
              "durationMs": 300000
            },
            {
              "durationMs": 900000
            },
            {
              "durationMs": 1800000
            },
            {
              "durationMs": 3600000
            },
            {
              "durationMs": 14400000
            },
            {
              "durationMs": 43200000
            },
            {
              "durationMs": 86400000
            },
            {
              "durationMs": 172800000
            },
            {
              "durationMs": 259200000
            },
            {
              "durationMs": 604800000
            },
            {
              "durationMs": 1209600000
            },
            {
              "durationMs": 2419200000
            },
            {
              "durationMs": 2592000000
            },
            {
              "durationMs": 5184000000
            },
            {
              "durationMs": 7776000000
            }
          ],
          "allowCustom": true
        }
      }
    ],
    "style": "above",
    "queryType": 0,
    "resourceType": "microsoft.operationalinsights/workspaces"
  },
  "name": "parameters"
}
    }


}
]
}