{
    "$schema": "https://schema.management.azure.com/schemas/2019-04-01/deploymentTemplate.json#",
    "contentVersion": "1.0.0.0",
    "parameters": {
        "workspacesname": {
            "type": "String"
        },
        "location": {
            "type": "string",
            "metadata": {
                "description": "location"
            }
        },
        "blueresourceTags": {
            "type": "object",
            "metadata": {
                "description": "Tags"
            }
        }
    },
    "variables": {},
    "resources": [
        {
            "type": "microsoft.operationalinsights/workspaces",
            "apiVersion": "2021-06-01",
            "name": "[parameters('workspacesname')]",
            "location": "[parameters('location')]",
            "tags": "[parameters('blueresourceTags')]",
            "properties": {
                "sku": {
                    "name": "pergb2018"
                },
                "retentionInDays": 30,
                "features": {
                    "enableLogAccessUsingOnlyResourcePermissions": true
                },
                "workspaceCapping": {
                    "dailyQuotaGb": -1
                },
                "publicNetworkAccessForIngestion": "Enabled",
                "publicNetworkAccessForQuery": "Enabled"
            }
        }
    ]
}