{
    "$schema": "https://schema.management.azure.com/schemas/2019-04-01/deploymentTemplate.json#",
    "contentVersion": "1.0.0.0",
    "parameters": {
      "appServiceName": {
        "type": "array"
        
      },
      "appServiceSkuName": {
        "type": "string",
        "defaultValue": "P1",
        "allowedValues": [
          "F1",
          "D1",
          "B1",
          "B2",
          "B3",
          "S1",
          "S2",
          "S3",
          "P1",
          "P2",
          "P3",
          "P4"
        ],
        "metadata": {
          "description": "Describes plan's pricing tier and capacity. Check details at https://azure.microsoft.com/en-us/pricing/details/app-service/"
        }
      },
      "workers": {
        "type": "string",
            "defaultValue": "1",
            "metadata": {
                "description": "Number of VM Instances as part of the App Service Plan. For a premium multi-tenant service pricing tier, this value can go up to 20 instances."
            }            
      },
      "webAppName": {
        "type": "array"
      },
      
      "location": {
         "type": "String"
        },
        "blueresourceTags":{
            "type": "object",
            "metadata": {
              "description": "The collection of resource tags passed from parameters file"
            }
          }
    },
    "variables": {},
    "resources": [
      {
        "name": "[parameters('appServiceName')[copyIndex('copyasp')]]",
        "type": "Microsoft.Web/serverfarms",
        "location": "[parameters('location')]",
        "apiVersion": "2022-03-01",
        "tags": "[parameters('blueresourceTags')]",
        "sku": {
          "name": "[parameters('appServiceSkuName')]"
        },
        "properties": {
          "numberOfWorkers": "[parameters('workers')]"
        },
        "copy": {
        "name": "copyasp",
        "count": "[length(parameters('webAppName'))]"
      }  
      },
      {
        "name": "[parameters('webAppName')[copyIndex('copyapp')]]",
        "type": "Microsoft.Web/sites",
        "location": "[parameters('location')]",
        "apiVersion": "2022-03-01",
        "tags": "[parameters('blueresourceTags')]",
        "dependsOn": ["copyasp" ],
        "properties": {

          "serverFarmId": "[resourceId('Microsoft.Web/serverfarms', parameters('appServiceName')[copyIndex('copyapp')])]"
        },
        "copy": {
        "name": "copyapp",
        "count": "[length(parameters('webAppName'))]"
      }
      },
      {
      "apiVersion": "2022-03-01",
      "type": "Microsoft.Web/sites/slots",
      "name": "[concat(parameters('webAppName')[copyIndex('webSlot')], '/Staging')]",
      "kind": "app",
      "location": "[parameters('location')]",
      "comments": "This specifies the web app slots.",
      "tags":"[parameters('blueresourceTags')]",
      "properties": {
        "serverFarmId": "[resourceId('Microsoft.Web/serverfarms', parameters('appServiceName')[copyIndex('webSlot')])]"
      },
      "dependsOn": ["copyapp" ],
      "copy": {
        "name": "webSlot",
        "count": "[length(parameters('webAppName'))]"
      }
      }
    ]
}