{
    "$schema": "https://schema.management.azure.com/schemas/2019-04-01/deploymentTemplate.json#",
    "contentVersion": "1.0.0.0",
    "parameters": {
      "CacheName": {
        "type": "array",
        "defaultValue": "nameunique",
        "metadata": {
          "description": "Specify the name of the Azure Redis Cache to create."
        }
      },
      "location": {
        "type": "string",
        "metadata": {
          "description": "Location of all resources"
        }
      },
      "redisCacheSKU": {
        "type": "string",
        "defaultValue": "Standard",
        "allowedValues": [
          "Basic",
          "Standard",
          "Premium"
        ],
        "metadata": {
          "description": "Specify the pricing tier of the new Azure Redis Cache."
        }
      },
      "redisCacheFamily": {
        "type": "string",
        "defaultValue": "C",
        "allowedValues": [
          "C",
          "P"
        ],
        "metadata": {
          "description": "Specify the family for the sku. C = Basic/Standard, P = Premium."
        }
      },
      "redisCacheCapacity": {
        "type": "int",
        "defaultValue": 1,
        "allowedValues": [
          0,
          1,
          2,
          3,
          4,
          5,
          6
        ],
        "metadata": {
          "description": "Specify the size of the new Azure Redis Cache instance. Valid values: for C (Basic/Standard) family (0, 1, 2, 3, 4, 5, 6), for P (Premium) family (1, 2, 3, 4)"
        }
      },
      "enableNonSslPort": {
        "type": "bool",
        "defaultValue": false,
        "metadata": {
          "description": "Specify a boolean value that indicates whether to allow access via non-SSL ports."
        }
      },
      "blueresourceTags": {
        "type": "object",
        "metadata": {
            "description": "description"
        }
      }
    },
    "resources": [
      {
        "type": "Microsoft.Cache/redis",
        "apiVersion": "2022-05-01",
        "name": "[parameters('CacheName')[copyIndex('copyredis')]]",
        "location": "[parameters('location')]",
        "tags": "[parameters('blueresourceTags')]",
        "properties": {
          "enableNonSslPort": "[parameters('enableNonSslPort')]",
          "minimumTlsVersion": "1.2",
          "sku": {
            "capacity": "[parameters('redisCacheCapacity')]",
            "family": "[parameters('redisCacheFamily')]",
            "name": "[parameters('redisCacheSKU')]"
          },
          "redisVersion": "6.0",
          "publicNetworkAccess": "Enabled",
          "redisConfiguration": {
                "maxclients": "1000",
                "maxmemory-reserved": "125",
                "maxfragmentationmemory-reserved": "125",
                "maxmemory-policy": "volatile-lru",
                "maxmemory-delta": "125"
            }
        },
        "copy": {
            "name": "copyredis",
            "count": "[length(parameters('CacheName'))]"

        }
     }
   ]      
}