{
    "$schema": "https://schema.management.azure.com/schemas/2019-04-01/deploymentTemplate.json#",
    "contentVersion": "1.0.0.0",
    "parameters": {
      "location": {
        "type": "string",
        "metadata": {
          "description": "Location for all resources."
        }
      },
      "administratorLogin": {
        "type": "string",
        "metadata": {
          "description": "The administrator username of the SQL logical server."
        }
      },
      "administratorLoginPassword": {
        "type": "secureString",
        "metadata": {
          "description": "The administrator password of the SQL logical server."
        }
      },
      "sqlservername": {
        "type": "string",
        "metadata": {
          "description": "description"
        }
      },
      "sqldatabase": {
        "type": "array",
        "metadata": {
          "description": "description"
        }
      },

      "blueresourceTags": {
        "type": "object",
        "metadata": {
          "description": "description"
        }
      }
    },
    "resources": [
      {
        "type": "Microsoft.Sql/servers",
        "apiVersion": "2021-11-01",
        "name": "[parameters('sqlservername')]",
        "location": "[parameters('location')]",
        "tags": "[parameters('blueresourceTags')]",
        "properties": {
          "administratorLogin": "[parameters('administratorLogin')]",
          "administratorLoginPassword": "[parameters('administratorLoginPassword')]"
        }
      },
      {
        "type": "Microsoft.Sql/servers/databases",
        "apiVersion": "2021-11-01",
        "name": "[format('{0}/{1}', parameters('sqlservername'), parameters('sqldatabase')[copyIndex('copydatabase')])]",
        "location": "[parameters('location')]",
        "tags": "[parameters('blueresourceTags')]",
        "sku": {
          "name": "Standard",
          "tier": "Standard"
        },
        "properties": { },
        "dependsOn": [
          "[resourceId('Microsoft.Sql/servers/', parameters('sqlservername'))]"
        ],
        "copy": {
          "name": "copydatabase",
          "count": "[length(parameters('sqldatabase'))]"
        }
      }
    ]
  }