{
    "$schema": "https://schema.management.azure.com/schemas/2019-04-01/deploymentTemplate.json#",
    "contentVersion": "1.0.0.0",
    "parameters": {
      "configStoreName": {
        "type": "string",
        "metadata": {
          "description": "Specifies the name of the App Configuration store."
        }
      },
      "location": {
        "type": "string",
        "metadata": {
          "description": "Specifies the Azure location where the app configuration store should be created."
        }
      },
      "blueresourceTags": {
        "type": "object",
        "metadata": {
          "description": "Adds tags for the key-value resources. It's optional"
        }
      },
       "featureFlagKey": {
        "type": "string",
        "metadata": {
          "description": "Specifies the key of the feature flag."
        }
      },
      "featureFlagLabel": {
        "type": "string",
        "defaultValue": "",
        "metadata": {
          "description": "Specifies the label of the feature flag. The label is optional and can be left as empty."
        }
      }
    },
    "variables": {
      "featureFlagValue": {
        "id": "[parameters('featureFlagKey')]",
        "description": "Your description.",
        "enabled": true
      }
    },
    "resources": [
      {
        "type": "Microsoft.AppConfiguration/configurationStores",
        "apiVersion": "2022-05-01",
        "name": "[parameters('configStoreName')]",
        "location": "[parameters('location')]",
        "tags": "[parameters('blueresourceTags')]",
        "sku": {
          "name": "standard"
        },
        "properties": {
             "createMode": "Default",
             "disableLocalAuth" : false,
             "softDeleteRetentionInDays": 7
        }
      },
      {
        "type": "Microsoft.AppConfiguration/configurationStores/keyValues",
        "apiVersion": "2022-05-01",
        "name": "[format('{0}/{1}', parameters('configStoreName'), format('.appconfig.featureflag~2F{0}${1}', parameters('featureFlagKey'), parameters('featureFlagLabel')))]",
        "properties": {
          "value": "[string(variables('featureFlagValue'))]",
          "contentType": "application/vnd.microsoft.appconfig.ff+json;charset=utf-8"
        },
        "dependsOn": [
          "[resourceId('Microsoft.AppConfiguration/configurationStores', parameters('configStoreName'))]"
        ]
      }
      
    ]
  }
  