{
    "$schema": "https://schema.management.azure.com/schemas/2019-04-01/deploymentTemplate.json#",
    "contentVersion": "1.0.0.0",
    "parameters": {
      "keyVaultName": {
        "type": "array",
        "metadata": {
          "description": "Specifies the name of the key vault."
        }
      },
      "location": {
        "type": "string",
        "metadata": {
          "description": "Specifies the Azure location where the key vault should be created."
        }
      },
      "enabledForDeployment": {
        "type": "bool",
        "defaultValue": false,
        "metadata": {
          "description": "Specifies whether Azure Virtual Machines are permitted to retrieve certificates stored as secrets from the key vault."
        }
      },
      "enabledForDiskEncryption": {
        "type": "bool",
        "defaultValue": false,
        "metadata": {
          "description": "Specifies whether Azure Disk Encryption is permitted to retrieve secrets from the vault and unwrap keys."
        }
      },
      "enabledForTemplateDeployment": {
        "type": "bool",
        "defaultValue": false,
        "metadata": {
          "description": "Specifies whether Azure Resource Manager is permitted to retrieve secrets from the key vault."
        }
      },

      "skuName": {
        "type": "string",
        "defaultValue": "standard",
        "allowedValues": [
          "standard",
          "premium"
        ],
        "metadata": {
          "description": "Specifies whether the key vault is a standard vault or a premium vault."
        }
      },
      "blueresourceTags": {
        "type": "object",
        "metadata": {
            "description": "description"
        }
      },
      "objectId": {
        "type": "array",
        "defaultValue": "",
        "metadata": {
            "description": "description"
        }
      },
      "tenantId": {
        "type": "string",
        "defaultValue": "[subscription().tenantId]",
        "metadata": {
            "description": "description"
        }
      }
    },
    "resources": [
      {
        "type": "Microsoft.KeyVault/vaults",
        "apiVersion": "2022-07-01",
        "name": "[parameters('keyVaultName')[copyIndex('copyvault')]]",
        "location": "[parameters('location')]",
        "tags": "[parameters('blueresourceTags')]",
        "properties": {
          "tenantId": "[parameters('tenantId')]",
          "enabledForDeployment": "[parameters('enabledForDeployment')]",
          "enabledForDiskEncryption": "[parameters('enabledForDiskEncryption')]",
          "enabledForTemplateDeployment": "[parameters('enabledForTemplateDeployment')]",
          "sku": {
            "name": "[parameters('skuName')]",
            "family": "A"
          },
          "networkAcls": {
            "defaultAction": "Allow",
            "bypass": "AzureServices"
          },
  "accessPolicies": [
                    {
                        "tenantId": "[parameters('tenantId')]",
                        "objectId": "[parameters('objectId')[0]]",
                        "permissions": {
                            "keys": [
                                "Get",
                                "List",
                                "Update",
                                "Create",
                                "Import",
                                "Delete",
                                "Recover",
                                "Backup",
                                "Restore",
                                "Decrypt",
                                "Encrypt",
                                "UnwrapKey",
                                "WrapKey",
                                "Verify",
                                "Sign",
                                "Purge",
                                "Release",
                                "Rotate",
                                "GetRotationPolicy",
                                "SetRotationPolicy"
                            ],
                            "secrets": [
                                "Get",
                                "List",
                                "Set",
                                "Delete",
                                "Recover",
                                "Backup",
                                "Restore",
                                "Purge"
                            ],
                            "certificates": [
                                "Get",
                                "List",
                                "Update",
                                "Create",
                                "Import",
                                "Delete",
                                "Recover",
                                "Backup",
                                "Restore",
                                "ManageContacts",
                                "ManageIssuers",
                                "GetIssuers",
                                "ListIssuers",
                                "SetIssuers",
                                "DeleteIssuers",
                                "Purge"
                            ]
                        }
                    },
                    {
                        "tenantId": "[parameters('tenantId')]",
                        "objectId": "[parameters('objectId')[1]]",
                        "permissions": {
                            "keys": [
                                "Get",
                                "List",
                                "Update",
                                "Import"
                            ],
                            "secrets": [
                                "Get",
                                "List",
                                "Set"
                            ],
                            "certificates": [
                                "Get",
                                "List",
                                "Import",
                                "Update",
                                "Create"
                            ]
                           
                        }
                    },
                    {
                        "tenantId": "[parameters('tenantId')]",
                        "objectId": "[parameters('objectId')[2]]",
                        "permissions": {
                            "certificates": [
                                "Get"
                            ],
                            "keys": [
                                "get",
                                "list",
                                "decrypt",
                                "sign"
                            ],
                            "secrets": [
                                "Get"
                            ]
                           
                        }
                    },
                    {
                        "tenantId": "[parameters('tenantId')]",
                        "objectId": "[parameters('objectId')[3]]",
                        "applicationId": "aadb871e-d2c5-4482-bdb6-4ffbaf3b6fe5",
                        "permissions": {
                            "keys": [
                                "Get",
                                "List",
                                "Update",
                                "Create",
                                "Import",
                                "Delete",
                                "Recover",
                                "Backup",
                                "Restore",
                                "Decrypt",
                                "Encrypt",
                                "UnwrapKey",
                                "WrapKey",
                                "Verify",
                                "Sign",
                                "Purge"
                            ],
                            "secrets": [
                                "Get",
                                "List",
                                "Restore",
                                "Backup",
                                "Recover",
                                "Delete",
                                "Set",
                                "Purge"
                            ]                           
                           
                        }
                    },
                    {
                        "tenantId": "[parameters('tenantId')]",
                        "objectId": "[parameters('objectId')[4]]",
                        "permissions": {
                            "keys": [
                                "Get",
                                "List",
                                "Update",
                                "Create",
                                "Import",
                                "Delete",
                                "Recover",
                                "Backup",
                                "Restore"
                            ],
                            "secrets": [
                                "Get",
                                "List",
                                "Set",
                                "Delete",
                                "Recover",
                                "Backup",
                                "Restore",
                                "Purge"
                            ],
                            "certificates": [
                                "Get",
                                "List",
                                "Update",
                                "Create",
                                "Import",
                                "Delete",
                                "Recover",
                                "Backup",
                                "Restore",
                                "ManageContacts",
                                "ManageIssuers",
                                "GetIssuers",
                                "ListIssuers",
                                "SetIssuers",
                                "DeleteIssuers"
                            ]
                           
                        }
                    },
                    {
                        "tenantId": "[parameters('tenantId')]",
                        "objectId": "[parameters('objectId')[5]]",
                        "permissions": {
                            "keys": [
                                "list",
                                "get"
                            ],
                            "secrets": [
                                "Get",
                                "List",
                                "Set"
                            ],
                            "certificates": [
                                "get",
                                "list"
                            ]
                           
                        }
                    },
                    {
                        "tenantId": "[parameters('tenantId')]",
                        "objectId": "[parameters('objectId')[6]]",
                        "permissions": {
                            "keys": [
                                "Get",
                                "List",
                                "Update",
                                "Create",
                                "Import",
                                "Delete",
                                "Recover",
                                "Backup",
                                "Restore"
                            ],
                            "secrets": [
                                "Get",
                                "List",
                                "Set",
                                "Delete",
                                "Recover",
                                "Backup",
                                "Restore"
                            ],
                            "certificates": [
                                "Get",
                                "List",
                                "Update",
                                "Create",
                                "Import",
                                "Delete",
                                "Recover",
                                "Backup",
                                "Restore",
                                "ManageContacts",
                                "ManageIssuers",
                                "GetIssuers",
                                "ListIssuers",
                                "SetIssuers",
                                "DeleteIssuers"
                            ]
                           
                        }
                    },
                    {
                        "tenantId": "[parameters('tenantId')]",
                        "objectId": "[parameters('objectId')[7]]",
                        "permissions": {
                            
                            "secrets": [
                                "Get",
                                "List",
                                "Recover",
                                "Backup",
                                "Restore"
                            ]
                           
                        }
                    },
                    {
                        "tenantId": "[parameters('tenantId')]",
                        "objectId": "[parameters('objectId')[8]]",
                        "permissions": {
                            "keys": [
                                "Get",
                                "List",
                                "Update",
                                "Create",
                                "Import",
                                "Delete",
                                "Recover",
                                "Backup",
                                "Restore"
                            ],
                            "secrets": [
                                "Get",
                                "List",
                                "Set",
                                "Delete",
                                "Recover",
                                "Backup",
                                "Restore"
                            ],
                            "certificates": [
                                "Get",
                                "List",
                                "Update",
                                "Create",
                                "Import",
                                "Delete",
                                "Recover",
                                "Backup",
                                "Restore",
                                "ManageContacts",
                                "ManageIssuers",
                                "GetIssuers",
                                "ListIssuers",
                                "SetIssuers",
                                "DeleteIssuers"
                            ]
                           
                        }
                    },
                    {
                        "tenantId": "[parameters('tenantId')]",
                        "objectId": "[parameters('objectId')[9]]",
                        "permissions": {
                            
                            "secrets": [
                                "Get"
                            ],
                            "certificates": [
                                "Get",
                                "List",
                                "Create",
                                "Import",
                                "Update"
                            ]
                           
                        }
                    },
                    {
                        "tenantId": "[parameters('tenantId')]",
                        "objectId": "[parameters('objectId')[10]]",
                        "permissions": {
                            "keys": [
                                "Get",
                                "List"
                            ],
                            "secrets": [
                                "Get",
                                "List"
                            ],
                            "certificates": [
                                "Get",
                                "List",
                                "Create",
                                "Update",
                                "Import"
                            ]
                           
                        }
                    },
                    {
                        "tenantId": "[parameters('tenantId')]",
                        "objectId": "[parameters('objectId')[11]]",
                        "permissions": {
                            
                            "secrets": [
                                "Get",
                                "List",
                                "Set",
                                "Delete",
                                "Recover",
                                "Backup",
                                "Restore"
                            ]
                           
                        }
                    },
                    {
                        "tenantId": "[parameters('tenantId')]",
                        "objectId": "[parameters('objectId')[12]]",
                        "permissions": {
                            
                            "secrets": [
                                "Get"
                            ]
                           
                        }
                    },
                    {
                        "tenantId": "[parameters('tenantId')]",
                        "objectId": "[parameters('objectId')[13]]",
                        "permissions": {
                            "keys": [
                                "Get",
                                "List",
                                "Update",
                                "Create",
                                "Import",
                                "Delete",
                                "Recover",
                                "Backup",
                                "Restore",
                                "Decrypt",
                                "Encrypt",
                                "UnwrapKey",
                                "WrapKey",
                                "Verify",
                                "Sign",
                                "Purge"
                            ],
                            "secrets": [
                                "Get",
                                "List",
                                "Set",
                                "Delete",
                                "Recover",
                                "Backup",
                                "Restore",
                                "Purge"
                            ],
                            "certificates": [
                                "Get",
                                "List",
                                "Update",
                                "Create",
                                "Import",
                                "Delete",
                                "Recover",
                                "Backup",
                                "Restore",
                                "ManageContacts",
                                "ManageIssuers",
                                "GetIssuers",
                                "ListIssuers",
                                "SetIssuers",
                                "DeleteIssuers",
                                "Purge"
                            ]
                           
                        }
                    },
                    {
                        "tenantId": "[parameters('tenantId')]",
                        "objectId": "[parameters('objectId')[14]]",
                        "permissions": {
                            "keys": [
                                "Get",
                                "Create",
                                "Delete",
                                "List",
                                "Update",
                                "Import",
                                "Backup",
                                "Restore",
                                "Recover"
                            ],
                            "secrets": [
                                "Get",
                                "List",
                                "Set",
                                "Delete",
                                "Backup",
                                "Restore",
                                "Recover"
                            ],
                            "certificates": [
                                "Get",
                                "Delete",
                                "List",
                                "Create",
                                "Import",
                                "Update",
                                "DeleteIssuers",
                                "GetIssuers",
                                "ListIssuers",
                                "ManageContacts",
                                "ManageIssuers",
                                "SetIssuers",
                                "Recover",
                                "Backup",
                                "Restore"
                            ],
                            "storage": [
                                "delete",
                                "deletesas",
                                "get",
                                "getsas",
                                "list",
                                "listsas",
                                "regeneratekey",
                                "set",
                                "setsas",
                                "update",
                                "recover",
                                "backup",
                                "restore"
                            ]
                        }
                    },
                    {
                        "tenantId": "[parameters('tenantId')]",
                        "objectId": "[parameters('objectId')[15]]",
                        "permissions": {
                            "keys": [
                                "Get",
                                "Sign"
                            ],
                            "secrets": [
                                "Get"
                            ],
                            "certificates": [
                                "Get"
                            ]
                           
                        }
                    },
                    {
                        "tenantId": "[parameters('tenantId')]",
                        "objectId": "[parameters('objectId')[16]]",
                        "permissions": {
                            "keys": [
                                "Get",
                                "Sign"
                            ],
                            "secrets": [
                                "Get"
                            ],
                            "certificates": [
                                "Get"
                            ]
                           
                        }
                    },
                    {
                        "tenantId": "[parameters('tenantId')]",
                        "objectId": "[parameters('objectId')[17]]",
                        "permissions": {
                            "keys": [
                                "Get",
                                "Sign"
                            ],
                            "secrets": [
                                "Get"
                            ],
                            "certificates": [
                                "Get"
                            ]
                           
                        }
                    },
                    {
                        "tenantId": "[parameters('tenantId')]",
                        "objectId": "[parameters('objectId')[18]]",
                        "permissions": {
                            "keys": [
                                "Get",
                                "Sign"
                            ],
                            "secrets": [
                                "Get"
                            ],
                            "certificates": [
                                "Get"
                            ]
                           
                        }
                    },
                    {
                        "tenantId": "[parameters('tenantId')]",
                        "objectId": "[parameters('objectId')[19]]",
                        "permissions": {
                            "keys": [
                                "Get",
                                "Sign"
                            ],
                            "secrets": [
                                "Get"
                            ],
                            "certificates": [
                                "Get"
                            ]
                           
                        }
                    },
                    {
                        "tenantId": "[parameters('tenantId')]",
                        "objectId": "[parameters('objectId')[20]]",
                        "permissions": {
                            "keys": [
                                "Get",
                                "Sign"
                            ],
                            "secrets": [
                                "Get"
                            ],
                            "certificates": [
                                "Get"
                            ]
                           
                        }
                    },
                    {
                        "tenantId": "[parameters('tenantId')]",
                        "objectId": "[parameters('objectId')[21]]",
                        "permissions": {
                            "keys": [
                                "Get",
                                "Sign"
                            ],
                            "secrets": [
                                "Get"
                            ],
                            "certificates": [
                                "Get"
                            ]
                           
                        }
                    },
                    {
                        "tenantId": "[parameters('tenantId')]",
                        "objectId": "[parameters('objectId')[22]]",
                        "permissions": {
                            "keys": [
                                "Get",
                                "Sign"
                            ],
                            "secrets": [
                                "Get"
                            ],
                            "certificates": [
                                "Get"
                            ]
                           
                        }
                    },
                    {
                        "tenantId": "[parameters('tenantId')]",
                        "objectId": "[parameters('objectId')[23]]",
                        "permissions": {
                            "keys": [
                                "Get",
                                "Sign"
                            ],
                            "secrets": [
                                "Get"
                            ],
                            "certificates": [
                                "Get"
                            ]
                           
                        }
                    },
                    {
                        "tenantId": "[parameters('tenantId')]",
                        "objectId": "[parameters('objectId')[24]]",
                        "permissions": {
                            "keys": [
                                "Get",
                                "Sign"
                            ],
                            "secrets": [
                                "Get"
                            ],
                            "certificates": [
                                "Get"
                            ]
                           
                        }
                    },
                    {
                        "tenantId": "[parameters('tenantId')]",
                        "objectId": "[parameters('objectId')[25]]",
                        "permissions": {
                            "keys": [
                                "Get",
                                "Sign"
                            ],
                            "secrets": [
                                "Get"
                            ],
                            "certificates": [
                                "Get"
                            ]
                           
                        }
                    },
                    {
                        "tenantId": "[parameters('tenantId')]",
                        "objectId": "[parameters('objectId')[26]]",
                        "permissions": {
                            "keys": [
                                "Get",
                                "Sign"
                            ],
                            "secrets": [
                                "Get"
                            ],
                            "certificates": [
                                "Get"
                            ]
                           
                        }
                    },
                    {
                        "tenantId": "[parameters('tenantId')]",
                        "objectId": "[parameters('objectId')[27]]",
                        "permissions": {
                            
                            "secrets": [
                                "Get"
                            ]
                           
                        }
                    },
                    {
                        "tenantId": "[parameters('tenantId')]",
                        "objectId": "[parameters('objectId')[28]]",
                        "permissions": {
                            "keys": [
                                "Get",
                                "Sign"
                            ],
                            "secrets": [
                                "Get"
                            ],
                            "certificates": [
                                "Get"
                            ]
                           
                        }
                    },
                    {
                        "tenantId": "[parameters('tenantId')]",
                        "objectId": "[parameters('objectId')[29]]",
                        "permissions": {
                            "keys": [
                                "Get",
                                "Sign"
                            ],
                            "secrets": [
                                "Get"
                            ],
                            "certificates": [
                                "Get"
                            ]
                           
                        }
                    },
                    {
                        "tenantId": "[parameters('tenantId')]",
                        "objectId": "[parameters('objectId')[30]]",
                        "permissions": {
                            "keys": [
                                "Get",
                                "Sign"
                            ],
                            "secrets": [
                                "Get"
                            ],
                            "certificates": [
                                "Get"
                            ]
                           
                        }
                    },
                    {
                        "tenantId": "[parameters('tenantId')]",
                        "objectId": "[parameters('objectId')[31]]",
                        "permissions": {
                            
                            "secrets": [
                                "Get",
                                "Set",
                                "Delete"
                            ]
                           
                        }
                    },
                    {
                        "tenantId": "[parameters('tenantId')]",
                        "objectId": "[parameters('objectId')[32]]",
                        "permissions": {
                            
                            "secrets": [
                                "Get"
                            ]
                           
                        }
                    },
                    {
                        "tenantId": "[parameters('tenantId')]",
                        "objectId": "[parameters('objectId')[33]]",
                        "permissions": {
                            
                            "secrets": [
                                "Get",
                                "List"
                            ]
                           
                        }
                    },
                    {
                        "tenantId": "[parameters('tenantId')]",
                        "objectId": "[parameters('objectId')[34]]",
                        "permissions": {
                            
                            "secrets": [
                                "Get",
                                "List"
                            ]
                           
                        }
                    },
                    {
                        "tenantId": "[parameters('tenantId')]",
                        "objectId": "[parameters('objectId')[35]]",
                        "permissions": {
                            
                            "secrets": [
                                "Get"
                            ]
                           
                        }
                    },
                    {
                        "tenantId": "[parameters('tenantId')]",
                        "objectId": "[parameters('objectId')[36]]",
                        "permissions": {
                            
                            "secrets": [
                                "Get"
                            ]
                           
                        }
                    },
                    {
                        "tenantId": "[parameters('tenantId')]",
                        "objectId": "[parameters('objectId')[37]]",
                        "permissions": {
                            
                            "secrets": [
                                "Get"
                            ]
       
                           
                        }
                    },
                    {
                        "tenantId": "[parameters('tenantId')]",
                        "objectId": "[parameters('objectId')[38]]",
                        "permissions": {
                            
                            "secrets": [
                                "Get"
                            ]
              
                           
                        }
                    },
                    {
                        "tenantId": "[parameters('tenantId')]",
                        "objectId": "[parameters('objectId')[39]]",
                        "permissions": {
                            
                            "secrets": [
                                "Get"
                            ]
             
                           
                        }
                    },
                    {
                        "tenantId": "[parameters('tenantId')]",
                        "objectId": "[parameters('objectId')[40]]",
                        "permissions": {
                            
                            "secrets": [
                                "Get"
                            ]
                 
                           
                        }
                    },
                    {
                        "tenantId": "[parameters('tenantId')]",
                        "objectId": "[parameters('objectId')[41]]",
                        "permissions": {
                            
                            "secrets": [
                                "Get"
                            ]
                    
                           
                        }
                    },
                    {
                        "tenantId": "[parameters('tenantId')]",
                        "objectId": "[parameters('objectId')[42]]",
                        "permissions": {
                            
                            "secrets": [
                                "Get"
                            ]
                   
                           
                        }
                    },
                    {
                        "tenantId": "[parameters('tenantId')]",
                        "objectId": "[parameters('objectId')[43]]",
                        "permissions": {
                            
                            "secrets": [
                                "Get"
                            ]
                   
                        }
                    },
                    {
                        "tenantId": "[parameters('tenantId')]",
                        "objectId": "[parameters('objectId')[44]]",
                        "permissions": {
                            
                            "secrets": [
                                "Get"
                            ]
                       
                           
                        }
                    },
                    {
                        "tenantId": "[parameters('tenantId')]",
                        "objectId": "[parameters('objectId')[45]]",
                        "permissions": {
                            
                            "secrets": [
                                "Get"
                            ]
                 
                           
                        }
                    },
                    {
                        "tenantId": "[parameters('tenantId')]",
                        "objectId": "[parameters('objectId')[46]]",
                        "permissions": {
                            
                            "secrets": [
                                "Get"
                            ]
                
                           
                        }
                    },
                    {
                        "tenantId": "[parameters('tenantId')]",
                        "objectId": "[parameters('objectId')[47]]",
                        "permissions": {
                            
                            "secrets": [
                                "Get"
                            ]
                        
                           
                        }
                    },
                    {
                        "tenantId": "[parameters('tenantId')]",
                        "objectId": "[parameters('objectId')[48]]",
                        "permissions": {
                            
                            "secrets": [
                                "Get"
                            ]
                    
                           
                        }
                    },
                    {
                        "tenantId": "[parameters('tenantId')]",
                        "objectId": "[parameters('objectId')[49]]",
                        "permissions": {
                            
                            "secrets": [
                                "Get"
                            ]
                          
                           
                        }
                    },
                    {
                        "tenantId": "[parameters('tenantId')]",
                        "objectId": "[parameters('objectId')[50]]",
                        "permissions": {
                            
                            "secrets": [
                                "Get"
                            ]
                     
                           
                        }
                    },
                    {
                        "tenantId": "[parameters('tenantId')]",
                        "objectId": "[parameters('objectId')[51]]",
                        "permissions": {
                            
                            "secrets": [
                                "Get"
                            ]
                      
                           
                        }
                    },
                    {
                        "tenantId": "[parameters('tenantId')]",
                        "objectId": "[parameters('objectId')[52]]",
                        "permissions": {
                            
                            "secrets": [
                                "Get"
                            ]
                    
                           
                        }
                    },
                    {
                        "tenantId": "[parameters('tenantId')]",
                        "objectId": "[parameters('objectId')[53]]",
                        "permissions": {
                            
                            "secrets": [
                                "Get"
                            ]
                         
                           
                        }
                    },
                    {
                        "tenantId": "[parameters('tenantId')]",
                        "objectId": "[parameters('objectId')[54]]",
                        "permissions": {
                            
                            "secrets": [
                                "Get"
                            ]
                            
                           
                        }
                    },
                    {
                        "tenantId": "[parameters('tenantId')]",
                        "objectId": "[parameters('objectId')[55]]",
                        "permissions": {
                            
                            "secrets": [
                                "Get"
                            ]
                      
                           
                        }
                    },
                    {
                        "tenantId": "[parameters('tenantId')]",
                        "objectId": "[parameters('objectId')[56]]",
                        "permissions": {
                            
                            "secrets": [
                                "Get"
                            ]
                          
                           
                        }
                    },
                    {
                        "tenantId": "[parameters('tenantId')]",
                        "objectId": "[parameters('objectId')[57]]",
                        "permissions": {
                            
                            "secrets": [
                                "Get"
                            ]
                         
                           
                        }
                    },
                    {
                        "tenantId": "[parameters('tenantId')]",
                        "objectId": "[parameters('objectId')[58]]",
                        "permissions": {
                            
                            "secrets": [
                                "Get"
                            ]
                       
                           
                        }
                    },
                    {
                        "tenantId": "[parameters('tenantId')]",
                        "objectId": "[parameters('objectId')[59]]",
                        "permissions": {
                            
                            "secrets": [
                                "Get"
                            ]
                           
                           
                        }
                    },
                    {
                        "tenantId": "[parameters('tenantId')]",
                        "objectId": "[parameters('objectId')[60]]",
                        "permissions": {
                            
                            "secrets": [
                                "Get"
                            ]
                        
                           
                        }
                    },
                    {
                        "tenantId": "[parameters('tenantId')]",
                        "objectId": "[parameters('objectId')[61]]",
                        "permissions": {
                            
                            "secrets": [
                                "Get"
                            ]
                     
                           
                        }
                    },
                    {
                        "tenantId": "[parameters('tenantId')]",
                        "objectId": "[parameters('objectId')[62]]",
                        "permissions": {
                            
                            "secrets": [
                                "Get"
                            ]
                         
                           
                        }
                    },
                    {
                        "tenantId": "[parameters('tenantId')]",
                        "objectId": "[parameters('objectId')[63]]",
                        "permissions": {
                            
                            "secrets": [
                                "Get"
                            ]
                           
                           
                        }
                    },
                    {
                        "tenantId": "[parameters('tenantId')]",
                        "objectId": "[parameters('objectId')[64]]",
                        "permissions": {
                            
                            "secrets": [
                                "Get"
                            ]
                           
                           
                        }
                    },
                    {
                        "tenantId": "[parameters('tenantId')]",
                        "objectId": "[parameters('objectId')[65]]",
                        "permissions": {
                            
                            "secrets": [
                                "Get"
                            ]
                           
                           
                        }
                    },
                    {
                        "tenantId": "[parameters('tenantId')]",
                        "objectId": "[parameters('objectId')[66]]",
                        "permissions": {
                            
                            "secrets": [
                                "Get"
                            ]
                 
                           
                        }
                    },
                    {
                        "tenantId": "[parameters('tenantId')]",
                        "objectId": "[parameters('objectId')[67]]",
                        "permissions": {
                            
                            "secrets": [
                                "Get"
                            ]
                         
                           
                        }
                    },
                    {
                        "tenantId": "[parameters('tenantId')]",
                        "objectId": "[parameters('objectId')[68]]",
                        "permissions": {
                            
                            "secrets": [
                                "Get"
                            ]
                          
                           
                        }
                    },
                    {
                        "tenantId": "[parameters('tenantId')]",
                        "objectId": "[parameters('objectId')[69]]",
                        "permissions": {
                            
                            "secrets": [
                                "Get"
                            ]
                        
                           
                        }
                    },
                    {
                        "tenantId": "[parameters('tenantId')]",
                        "objectId": "[parameters('objectId')[70]]",
                        "permissions": {
                            
                            "secrets": [
                                "Get"
                            ]
                          
                           
                        }
                    },
                    {
                        "tenantId": "[parameters('tenantId')]",
                        "objectId": "[parameters('objectId')[71]]",
                        "permissions": {
                            
                            "secrets": [
                                "Get"
                            ]
                          
                           
                        }
                    },
                    {
                        "tenantId": "[parameters('tenantId')]",
                        "objectId": "[parameters('objectId')[72]]",
                        "permissions": {
                            
                            "secrets": [
                                "Get"
                            ]
                           
                           
                        }
                    },
                    {
                        "tenantId": "[parameters('tenantId')]",
                        "objectId": "[parameters('objectId')[73]]",
                        "permissions": {
                            
                            "secrets": [
                                "Get"
                            ]
                       
                           
                        }
                    },
                    {
                        "tenantId": "[parameters('tenantId')]",
                        "objectId": "[parameters('objectId')[74]]",
                        "permissions": {
                            "keys": [
                                "Get"
                            ],
                            "secrets": [
                                "Get"
                            ],
                            "certificates": [
                                "Get"
                            ]
                           
                        }
                    },
                    {
                        "tenantId": "[parameters('tenantId')]",
                        "objectId": "[parameters('objectId')[75]]",
                        "permissions": {
                           
                            "secrets": [
                                "Get",
                                "List"
                            ],
                            "certificates": [
                                "Import",
                                "Get",
                                "List"
                            ]
                           
                        }
                    },
                    {
                        "tenantId": "[parameters('tenantId')]",
                        "objectId": "[parameters('objectId')[75]]",
                        "permissions": {
                       
                            "secrets": [
                                "Get"
                            ]
                           
                           
                        }
                    },
                    {
                        "tenantId": "[parameters('tenantId')]",
                        "objectId": "[parameters('objectId')[76]]",
                        "permissions": {
                            "keys": [
                                "Import",
                                "List",
                                "Get",
                                "Update",
                                "Create",
                                "Delete",
                                "Recover",
                                "Backup",
                                "Restore",
                                "GetRotationPolicy",
                                "SetRotationPolicy",
                                "Rotate"
                            ],
                            "secrets": [
                                "List",
                                "Get",
                                "Set",
                                "Delete",
                                "Recover",
                                "Backup",
                                "Restore"
                            ],
                            "certificates": [
                                "Import",
                                "List",
                                "Get",
                                "Update",
                                "Create",
                                "Delete",
                                "Recover",
                                "Backup",
                                "Restore",
                                "ManageContacts",
                                "ManageIssuers",
                                "GetIssuers",
                                "ListIssuers",
                                "SetIssuers",
                                "DeleteIssuers"
                            ]
                           
                        }
                    },
                    {
                        "tenantId": "[parameters('tenantId')]",
                        "objectId": "[parameters('objectId')[77]]",
                        "permissions": {
                            
                            "secrets": [
                                "Get"
                            ]
                           
                           
                        }
                    },
                    {
                        "tenantId": "[parameters('tenantId')]",
                        "objectId": "[parameters('objectId')[78]]",
                        "permissions": {
                           
                            "secrets": [
                                "Get"
                            ]
                           
                           
                        }
                    },
                    {
                        "tenantId": "[parameters('tenantId')]",
                        "objectId": "[parameters('objectId')[79]]",
                        "permissions": {
                           
                            "secrets": [
                                "Get",
                                "List"
                            ]
                           
                        }
                    },
                    {
                        "tenantId": "[parameters('tenantId')]",
                        "objectId": "[parameters('objectId')[80]]",
                        "permissions": {
                            "keys": [
                                "Get",
                                "List",
                                "Update",
                                "Create",
                                "Import",
                                "Delete",
                                "Recover",
                                "Backup",
                                "Restore",
                                "GetRotationPolicy",
                                "SetRotationPolicy",
                                "Rotate",
                                "Encrypt",
                                "Decrypt",
                                "UnwrapKey",
                                "WrapKey",
                                "Verify",
                                "Sign",
                                "Purge",
                                "Release"
                            ],
                            "secrets": [
                                "Get",
                                "List",
                                "Set",
                                "Delete",
                                "Recover",
                                "Backup",
                                "Restore",
                                "Purge"
                            ],
                            "certificates": [
                                "Get",
                                "List",
                                "Update",
                                "Create",
                                "Import",
                                "Delete",
                                "Recover",
                                "Backup",
                                "Restore",
                                "ManageContacts",
                                "ManageIssuers",
                                "GetIssuers",
                                "ListIssuers",
                                "SetIssuers",
                                "DeleteIssuers",
                                "Purge"
                            ]
                        }
                    },
                    {
                        "tenantId": "[parameters('tenantId')]",
                        "objectId": "[parameters('objectId')[81]]",
                        "permissions": {
                            "keys": [
                                "Get",
                                "List",
                                "Update",
                                "Create",
                                "Import",
                                "Delete",
                                "Recover",
                                "Backup",
                                "Restore",
                                "GetRotationPolicy",
                                "SetRotationPolicy",
                                "Rotate"
                            ],
                            "secrets": [
                                "Get",
                                "List",
                                "Set",
                                "Delete",
                                "Recover",
                                "Backup",
                                "Restore"
                            ],
                            "certificates": [
                                "Get",
                                "List",
                                "Update",
                                "Create",
                                "Import",
                                "Delete",
                                "Recover",
                                "Backup",
                                "Restore",
                                "ManageContacts",
                                "ManageIssuers",
                                "GetIssuers",
                                "ListIssuers",
                                "SetIssuers",
                                "DeleteIssuers"
                            ]
                        }
                    }
                ]
        },
        "copy": {
            "name": "copyvault",
            "count": "[length(parameters('keyVaultName'))]"
        }
      }

    ]
}