{
    "$schema": "https://schema.management.azure.com/schemas/2019-04-01/deploymentTemplate.json#",
    "contentVersion": "1.0.0.0",

    "parameters": {
      "projectName": {
        "type": "array",
        "metadata": {
          "description": "Specifies a project name that is used to generate the Event Hub name and the Namespace name."
        }
      },
      "eventHubName": {
        "type": "array",
        "metadata": {
            "description": "Event Hub "
        }
      },
      "location": {
        "type": "string",
        "metadata": {
          "description": "Specifies the Azure location for all resources."
        }
      },
      "eventHubSku": {
        "type": "string",
        "defaultValue": "Standard",
        "allowedValues": [
          "Basic",
          "Standard"
        ],
        "metadata": {
          "description": "Specifies the messaging tier for Event Hub Namespace."
        }
      },
      "blueresourceTags": {
        "type": "object",
        "metadata": {
            "description": "description"
        }
      }
    },
    "resources": [
      {
        "type": "Microsoft.EventHub/namespaces",
        "apiVersion": "2021-11-01",
        "name": "[ parameters('projectName')[copyIndex('copyevnt')]]",
        "location": "[parameters('location')]",
        "tags": "[parameters('blueresourceTags')]",
        "sku": {
          "name": "[parameters('eventHubSku')]",
          "tier": "[parameters('eventHubSku')]",
          "capacity": 1
        },
        "properties": {
                "minimumTlsVersion": "1.0",
                "publicNetworkAccess": "Enabled",
                "disableLocalAuth": false,
                "isAutoInflateEnabled": true,
                "maximumThroughputUnits": 20,
                "kafkaEnabled": true
        },
        "copy":{
            "name": "copyevnt",
            "count": "[length(parameters('projectName'))]"
        }
      },
      {
        "type": "Microsoft.EventHub/namespaces/eventhubs",
        "apiVersion": "2021-11-01",
        "location": "[parameters('location')]",
        "name": "[format('{0}/{1}', parameters('projectName')[copyIndex('copyhub')], parameters('eventHubName')[copyIndex('copyhub')])]",
        "properties": {
          "retentionDescription": {
                    "cleanupPolicy": "Delete",
                    "retentionTimeInHours": 24
                },
          "messageRetentionInDays": 1,
          "partitionCount": 4,
          "status": "Active"
        },
        "dependsOn": ["copyevnt"],
        "copy": {
            "name": "copyhub",
            "count": "[length(parameters('projectName'))]"
        }
      }
    ]
  }