{
  "$schema": "https://schema.management.azure.com/schemas/2019-04-01/deploymentTemplate.json#",
  "contentVersion": "1.0.0.0",
  "parameters": {
    "vmSku": {
      "type": "string",
      "defaultValue": "Standard_B2ms",
      "metadata": {
        "description": "Size of VMs in the VM Scale Set."
      }
    },
    "vmssName": {
      "type": "string",
      "metadata": {
        "description": "Unique name for the scale set. Must be 3-61 characters in length and unique across the VNet."
      },
      "maxLength": 61
    },
    "instanceCount": {
      "type": "int",
      "metadata": {
        "description": "Number of VM instances"
      }
    },
    "adminUsername": {
      "type": "string",
      "metadata": {
        "description": "Admin username on all VMs."
      }
    },
    "adminPassword": {
      "type": "securestring",
      "metadata": {
        "description": "Admin password on all VMs."
      }
    },
    "existingVnetName": {
      "type": "string",
      "metadata": {
        "description": "vName of the existing virtual network to deploy the scale set into."
      }
    },
    "location": {
      "type": "string",
      "metadata": {
        "description": "Location parameter"
      }
    },
    "existingSubnetName": {
      "type": "string",
      "metadata": {
        "description": "Name of the existing subnet to deploy the scale set into."
      }
    },
    "loadBalancerName": {
      "type": "string",
      "metadata": {
        "description": "description"
      }
    },
    "blueresourceTags": {
        "type": "object",
        "metadata": {
            "description": "description"
        }
    }
  },
  "variables": {
    "publicIPAddressName": "pip",
    "loadBalancerName": "[parameters('loadBalancerName')]",
    "loadBalancerFrontEndName": "loadBalancerFrontEnd",
    "loadBalancerBackEndName": "loadBalancerBackEnd",
    "loadBalancerProbeName": "loadBalancerHttpProbe",
    "loadBalancerNatPoolName": "loadBalancerNatPool"
  },
  "resources": [
    {
      "type": "Microsoft.Compute/virtualMachineScaleSets",
      "dependsOn": [
           "[resourceId('Microsoft.Network/loadBalancers', variables('loadBalancerName'))]"
        ],
      "name": "[parameters('vmssName')]",
      "location": "[parameters('location')]",
      "tags": "[parameters('blueresourceTags')]",
      "apiVersion": "2021-11-01",
      "sku": {
        "name": "[parameters('vmSku')]",
        "capacity": "[parameters('instanceCount')]"
      },
      "properties": {
        "overprovision": false,
        "upgradePolicy": {
          "mode": "Manual"
        },
        "virtualMachineProfile": {
          "storageProfile": {
            "osDisk": {
              "createOption": "FromImage",
              "caching": "ReadWrite",
              "managedDisk": {
                "storageAccountType": "Premium_LRS"
              }
            },
            "imageReference": {
              "publisher": "MicrosoftWindowsServer",
              "offer": "WindowsServer",
              "sku": "2019-Datacenter-Smalldisk",
              "version": "latest"
            }
          },
          "osProfile": {
            "computerNamePrefix": "[parameters('vmssName')]",
            "adminUsername": "[parameters('adminUsername')]",
            "adminPassword": "[parameters('adminPassword')]"
          },
          "networkProfile": {
            "networkInterfaceConfigurations": [
              {
                "name": "nic",
                "properties": {
                  "primary": true,
                  "ipConfigurations": [
                    {
                      "name": "ipconfig",
                      "properties": {
                        "subnet": {
                          "id": "[resourceId('Microsoft.Network/virtualNetworks/subnets', parameters('existingVnetName'), parameters('existingSubNetName'))]"
                        },
                        "loadBalancerBackendAddressPools": [
                          {
                            "id": "[resourceId('Microsoft.Network/loadBalancers/backendAddressPools', variables('loadBalancerName'), variables('loadBalancerBackEndName'))]"
                          }
                        ],
                        "loadBalancerInboundNatPools": [
                          {
                            "id": "[resourceId('Microsoft.Network/loadBalancers/inboundNatPools', variables('loadBalancerName'), variables('loadBalancerNatPoolName'))]"
                          }
                        ]
                      }
                    }
                  ]
                }
              }
            ]
          }
        }
      }
    },
    {
      "type": "Microsoft.Insights/autoscalesettings",
      "apiVersion": "2022-10-01",
      "name": "cpuautoscale",
      "location": "[parameters('location')]",
      "properties": {
        "name": "cpuautoscale",
        "targetResourceUri": "[resourceId('Microsoft.Compute/virtualMachineScaleSets', parameters('vmssName'))]",
        "enabled": true,
        "profiles": [
          {
            "name": "AutoScaleByPercentageCPU",
            "capacity": {
              "minimum": "2",
              "maximum": "10",
              "default": "2"
            },
            "rules": [
              {
                "metricTrigger": {
                  "metricName": "Percentage CPU",
                  "metricResourceUri": "[resourceId('Microsoft.Compute/virtualMachineScaleSets', parameters('vmssName'))]",
                  "timeGrain": "PT1M",
                  "timeWindow": "PT5M",
                  "timeAggregation": "Average",
                  "operator": "GreaterThan",
                  "threshold": 60,
                  "statistic": "Average"
                },
                "scaleAction": {
                  "direction": "Increase",
                  "type": "ChangeCount",
                  "value": "1",
                  "cooldown": "PT5M"
                }
              },
              {
                "metricTrigger": {
                  "metricName": "Percentage CPU",
                  "metricResourceUri": "[resourceId('Microsoft.Compute/virtualMachineScaleSets', parameters('vmssName'))]",
                  "timeGrain": "PT1M",
                  "timeWindow": "PT5M",
                  "timeAggregation": "Average",
                  "operator": "LessThan",
                  "threshold": 40,
                  "statistic": "Average"
                },
                "scaleAction": {
                  "direction": "Decrease",
                  "type": "ChangeCount",
                  "value": "1",
                  "cooldown": "PT5M"
                }
              }
            ]
          }
        ]
      },
      "dependsOn": [
        "[resourceId('Microsoft.Compute/virtualMachineScaleSets', parameters('vmssName'))]"
      ]
    },
    {
      "type": "Microsoft.Network/publicIPAddresses",
      "name": "[variables('publicIPAddressName')]",
      "location": "[parameters('location')]",
      "apiVersion": "2022-07-01",
      "properties": {
        "publicIPAllocationMethod": "Dynamic"
      }
    },
    {
      "type": "Microsoft.Network/loadBalancers",
      "name": "[variables('loadBalancerName')]",
      "location": "[parameters('location')]",
      "apiVersion": "2022-07-01",
      "dependsOn": [
        "[variables('publicIPAddressName')]"
      ],
      "properties": {
        "frontendIPConfigurations": [
          {
            "name": "[variables('loadBalancerFrontEndName')]",
            "properties": {
              "publicIPAddress": {
                "id": "[resourceId('Microsoft.Network/publicIPAddresses', variables('publicIPAddressName'))]"
              }
            }
          }
        ],
        "backendAddressPools": [
          {
            "name": "[variables('loadBalancerBackendName')]"
          }
        ],
        "loadBalancingRules": [
          {
            "name": "roundRobinLBRule",
            "properties": {
              "frontendIPConfiguration": {
                "id": "[resourceId('Microsoft.Network/loadBalancers/frontendIPConfigurations', variables('loadBalancerName'), variables('loadBalancerFrontEndName'))]"
              },
              "backendAddressPool": {
                "id": "[resourceId('Microsoft.Network/loadBalancers/backendAddressPools', variables('loadBalancerName'), variables('loadBalancerBackendName'))]"
              },
              "protocol": "Tcp",
              "frontendPort": 80,
              "backendPort": 80,
              "enableFloatingIP": false,
              "idleTimeoutInMinutes": 5,
              "probe": {
                "id": "[resourceId('Microsoft.Network/loadBalancers/probes', variables('loadBalancerName'), variables('loadBalancerProbeName'))]"
              }
            }
          }
        ],
        "probes": [
          {
            "name": "[variables('loadBalancerProbeName')]",
            "properties": {
              "protocol": "Tcp",
              "port": 80,
              "intervalInSeconds": 5,
              "numberOfProbes": 2
            }
          }
        ],
        "inboundNatPools": [
          {
            "name": "[variables('loadBalancerNatPoolName')]",
            "properties": {
              "frontendIPConfiguration": {
                "id": "[resourceId('Microsoft.Network/loadBalancers/frontendIPConfigurations', variables('loadBalancerName'), variables('loadBalancerFrontEndName'))]"
              },
              "protocol": "Tcp",
              "frontendPortRangeStart": 50000,
              "frontendPortRangeEnd": 50019,
              "backendPort": 22
            }
          }
        ]
      }
    }
  ]
}
